X,Y,Z
-105.7251388890476,39.65097222252792,3553.31787109375
-105.7212500001551,39.65097222252792,3416.087158203125
-105.71708333348455,39.65097222252792,3375.048583984375
-105.71319444459205,39.65097222252792,3267.532958984375
-105.70930555569954,39.65097222252792,3073.826171875
-105.70541666680704,39.65097222252792,3121.935791015625
-105.70125000013651,39.65097222252792,3402.33642578125
-105.697361111244,39.65097222252792,3514.98779296875
-105.6934722223515,39.65097222252792,3704.064453125
-105.68930555568096,39.65097222252792,3725.923828125
-105.68541666678846,39.65097222252792,3624.816650390625
-105.68152777789595,39.65097222252792,3517.128662109375
-105.67736111122541,39.65097222252792,3398.419921875
-105.6734722223329,39.65097222252792,3349.751708984375
-105.6695833334404,39.65097222252792,3256.297119140625
-105.6656944445479,39.65097222252792,3230.73193359375
-105.66152777787735,39.65097222252792,3358.635009765625
-105.65763888898486,39.65097222252792,3441.511474609375
-105.65375000009236,39.65097222252792,3541.907958984375
-105.64958333342182,39.65097222252792,3536.404296875
-105.64569444452931,39.65097222252792,3430.230712890625
-105.64180555563681,39.65097222252792,3312.731201171875
-105.6379166667443,39.65097222252792,3348.066650390625
-105.63375000007376,39.65097222252792,3423.61328125
-105.62986111118126,39.65097222252792,3515.27490234375
-105.62597222228875,39.65097222252792,3389.385986328125
-105.62180555561821,39.65097222252792,3320.195556640625
-105.6179166667257,39.65097222252792,3284.691162109375
-105.6140277778332,39.65097222252792,3155.858154296875
-105.61013888894071,39.65097222252792,3217.635009765625
-105.60597222227017,39.65097222252792,3371.810302734375
-105.60208333337766,39.65097222252792,3387.2421875
-105.59819444448516,39.65097222252792,3380.531494140625
-105.59402777781462,39.65097222252792,3359.79248046875
-105.59013888892211,39.65097222252792,3359.6591796875
-105.58625000002961,39.65097222252792,3352.022216796875
-105.58208333335907,39.65097222252792,3354.632568359375
-105.57819444446656,39.65097222252792,3369.917236328125
-105.57430555557406,39.65097222252792,3320.312255859375
-105.57041666668155,39.65097222252792,3218.04345703125
-105.56625000001102,39.65097222252792,3120.24658203125
-105.56236111111852,39.65097222252792,2992.6845703125
-105.7251388890476,39.64791666697226,3486.80224609375
-105.7212500001551,39.64791666697226,3413.3076171875
-105.71708333348455,39.64791666697226,3458.130126953125
-105.71319444459205,39.64791666697226,3348.82470703125
-105.70930555569954,39.64791666697226,3113.321044921875
-105.70541666680704,39.64791666697226,3132.993896484375
-105.70125000013651,39.64791666697226,3302.22314453125
-105.697361111244,39.64791666697226,3516.0029296875
-105.6934722223515,39.64791666697226,3693.65478515625
-105.68930555568096,39.64791666697226,3690.545654296875
-105.68541666678846,39.64791666697226,3577.30322265625
-105.68152777789595,39.64791666697226,3484.98095703125
-105.67736111122541,39.64791666697226,3401.939697265625
-105.6734722223329,39.64791666697226,3382.1005859375
-105.6695833334404,39.64791666697226,3246.177001953125
-105.6656944445479,39.64791666697226,3281.1298828125
-105.66152777787735,39.64791666697226,3406.733154296875
-105.65763888898486,39.64791666697226,3517.236572265625
-105.65375000009236,39.64791666697226,3544.4345703125
-105.64958333342182,39.64791666697226,3479.05029296875
-105.64569444452931,39.64791666697226,3399.3818359375
-105.64180555563681,39.64791666697226,3376.440185546875
-105.6379166667443,39.64791666697226,3432.4736328125
-105.63375000007376,39.64791666697226,3510.76806640625
-105.62986111118126,39.64791666697226,3540.374267578125
-105.62597222228875,39.64791666697226,3440.02783203125
-105.62180555561821,39.64791666697226,3394.876220703125
-105.6179166667257,39.64791666697226,3287.177001953125
-105.6140277778332,39.64791666697226,3187.531982421875
-105.61013888894071,39.64791666697226,3300.42919921875
-105.60597222227017,39.64791666697226,3462.0859375
-105.60208333337766,39.64791666697226,3478.1845703125
-105.59819444448516,39.64791666697226,3472.08251953125
-105.59402777781462,39.64791666697226,3482.419921875
-105.59013888892211,39.64791666697226,3479.173095703125
-105.58625000002961,39.64791666697226,3480.632568359375
-105.58208333335907,39.64791666697226,3382.934326171875
-105.57819444446656,39.64791666697226,3306.383056640625
-105.57430555557406,39.64791666697226,3258.01416015625
-105.57041666668155,39.64791666697226,3125.7177734375
-105.56625000001102,39.64791666697226,3070.172119140625
-105.56236111111852,39.64791666697226,2947.82373046875
-105.7251388890476,39.6448611114166,3482.782470703125
-105.7212500001551,39.6448611114166,3491.41552734375
-105.71708333348455,39.6448611114166,3523.49072265625
-105.71319444459205,39.6448611114166,3384.614013671875
-105.70930555569954,39.6448611114166,3158.140625
-105.70541666680704,39.6448611114166,3111.856201171875
-105.70125000013651,39.6448611114166,3318.749267578125
-105.697361111244,39.6448611114166,3525.216552734375
-105.6934722223515,39.6448611114166,3681.882080078125
-105.68930555568096,39.6448611114166,3643.728759765625
-105.68541666678846,39.6448611114166,3554.19921875
-105.68152777789595,39.6448611114166,3485.50244140625
-105.67736111122541,39.6448611114166,3426.48779296875
-105.6734722223329,39.6448611114166,3375.843994140625
-105.6695833334404,39.6448611114166,3252.135986328125
-105.6656944445479,39.6448611114166,3320.849365234375
-105.66152777787735,39.6448611114166,3460.5703125
-105.65763888898486,39.6448611114166,3562.382568359375
-105.65375000009236,39.6448611114166,3597.744140625
-105.64958333342182,39.6448611114166,3479.26708984375
-105.64569444452931,39.6448611114166,3432.4384765625
-105.64180555563681,39.6448611114166,3442.12841796875
-105.6379166667443,39.6448611114166,3504.060546875
-105.63375000007376,39.6448611114166,3580.08056640625
-105.62986111118126,39.6448611114166,3512.03466796875
-105.62597222228875,39.6448611114166,3449.965576171875
-105.62180555561821,39.6448611114166,3382.8935546875
-105.6179166667257,39.6448611114166,3285.658935546875
-105.6140277778332,39.6448611114166,3237.4169921875
-105.61013888894071,39.6448611114166,3429.65283203125
-105.60597222227017,39.6448611114166,3493.194091796875
-105.60208333337766,39.6448611114166,3580.437255859375
-105.59819444448516,39.6448611114166,3591.31103515625
-105.59402777781462,39.6448611114166,3559.21728515625
-105.59013888892211,39.6448611114166,3528.65234375
-105.58625000002961,39.6448611114166,3384.1083984375
-105.58208333335907,39.6448611114166,3281.51416015625
-105.57819444446656,39.6448611114166,3198.7919921875
-105.57430555557406,39.6448611114166,3099.05126953125
-105.57041666668155,39.6448611114166,3047.806640625
-105.56625000001102,39.6448611114166,2959.718017578125
-105.56236111111852,39.6448611114166,2949.1396484375
-105.7251388890476,39.64180555586094,3548.052490234375
-105.7212500001551,39.64180555586094,3566.298828125
-105.71708333348455,39.64180555586094,3608.49951171875
-105.71319444459205,39.64180555586094,3429.322998046875
-105.70930555569954,39.64180555586094,3179.58251953125
-105.70541666680704,39.64180555586094,3177.922119140625
-105.70125000013651,39.64180555586094,3349.419677734375
-105.697361111244,39.64180555586094,3521.90478515625
-105.6934722223515,39.64180555586094,3615.4365234375
-105.68930555568096,39.64180555586094,3662.80712890625
-105.68541666678846,39.64180555586094,3584.57958984375
-105.68152777789595,39.64180555586094,3515.540771484375
-105.67736111122541,39.64180555586094,3440.402099609375
-105.6734722223329,39.64180555586094,3383.462646484375
-105.6695833334404,39.64180555586094,3269.505615234375
-105.6656944445479,39.64180555586094,3373.033447265625
-105.66152777787735,39.64180555586094,3559.724853515625
-105.65763888898486,39.64180555586094,3655.65234375
-105.65375000009236,39.64180555586094,3618.733642578125
-105.64958333342182,39.64180555586094,3507.081298828125
-105.64569444452931,39.64180555586094,3481.617919921875
-105.64180555563681,39.64180555586094,3540.046142578125
-105.6379166667443,39.64180555586094,3610.6328125
-105.63375000007376,39.64180555586094,3635.08447265625
-105.62986111118126,39.64180555586094,3504.83544921875
-105.62597222228875,39.64180555586094,3441.377197265625
-105.62180555561821,39.64180555586094,3443.40283203125
-105.6179166667257,39.64180555586094,3308.863525390625
-105.6140277778332,39.64180555586094,3237.769287109375
-105.61013888894071,39.64180555586094,3420.931884765625
-105.60597222227017,39.64180555586094,3515.505615234375
-105.60208333337766,39.64180555586094,3610.158447265625
-105.59819444448516,39.64180555586094,3709.197509765625
-105.59402777781462,39.64180555586094,3544.76123046875
-105.59013888892211,39.64180555586094,3456.152587890625
-105.58625000002961,39.64180555586094,3354.219970703125
-105.58208333335907,39.64180555586094,3266.906005859375
-105.57819444446656,39.64180555586094,3156.272705078125
-105.57430555557406,39.64180555586094,3130.83203125
-105.57041666668155,39.64180555586094,3067.22021484375
-105.56625000001102,39.64180555586094,2990.2373046875
-105.56236111111852,39.64180555586094,3039.796875
-105.7251388890476,39.638750000305286,3624.210205078125
-105.7212500001551,39.638750000305286,3624.43603515625
-105.71708333348455,39.638750000305286,3495.422119140625
-105.71319444459205,39.638750000305286,3310.94677734375
-105.70930555569954,39.638750000305286,3139.197509765625
-105.70541666680704,39.638750000305286,3208.269775390625
-105.70125000013651,39.638750000305286,3379.357177734375
-105.697361111244,39.638750000305286,3516.06884765625
-105.6934722223515,39.638750000305286,3603.485107421875
-105.68930555568096,39.638750000305286,3690.0498046875
-105.68541666678846,39.638750000305286,3595.566650390625
-105.68152777789595,39.638750000305286,3496.40673828125
-105.67736111122541,39.638750000305286,3440.21630859375
-105.6734722223329,39.638750000305286,3384.753173828125
-105.6695833334404,39.638750000305286,3308.9755859375
-105.6656944445479,39.638750000305286,3427.92236328125
-105.66152777787735,39.638750000305286,3576.171142578125
-105.65763888898486,39.638750000305286,3650.962890625
-105.65375000009236,39.638750000305286,3600.220458984375
-105.64958333342182,39.638750000305286,3551.28125
-105.64569444452931,39.638750000305286,3536.671142578125
-105.64180555563681,39.638750000305286,3576.895263671875
-105.6379166667443,39.638750000305286,3653.716064453125
-105.63375000007376,39.638750000305286,3547.97509765625
-105.62986111118126,39.638750000305286,3500.198486328125
-105.62597222228875,39.638750000305286,3485.358642578125
-105.62180555561821,39.638750000305286,3384.4970703125
-105.6179166667257,39.638750000305286,3268.126220703125
-105.6140277778332,39.638750000305286,3302.27685546875
-105.61013888894071,39.638750000305286,3486.187255859375
-105.60597222227017,39.638750000305286,3578.67041015625
-105.60208333337766,39.638750000305286,3691.75244140625
-105.59819444448516,39.638750000305286,3652.8876953125
-105.59402777781462,39.638750000305286,3539.284912109375
-105.59013888892211,39.638750000305286,3392.94873046875
-105.58625000002961,39.638750000305286,3301.619384765625
-105.58208333335907,39.638750000305286,3219.198486328125
-105.57819444446656,39.638750000305286,3194.35205078125
-105.57430555557406,39.638750000305286,3117.55126953125
-105.57041666668155,39.638750000305286,3063.9619140625
-105.56625000001102,39.638750000305286,3123.12548828125
-105.56236111111852,39.638750000305286,3150.315185546875
-105.7251388890476,39.63569444474963,3625.7119140625
-105.7212500001551,39.63569444474963,3538.559814453125
-105.71708333348455,39.63569444474963,3440.042236328125
-105.71319444459205,39.63569444474963,3240.4990234375
-105.70930555569954,39.63569444474963,3149.5556640625
-105.70541666680704,39.63569444474963,3314.01708984375
-105.70125000013651,39.63569444474963,3434.056396484375
-105.697361111244,39.63569444474963,3553.195556640625
-105.6934722223515,39.63569444474963,3694.16748046875
-105.68930555568096,39.63569444474963,3743.01220703125
-105.68541666678846,39.63569444474963,3630.670166015625
-105.68152777789595,39.63569444474963,3534.32763671875
-105.67736111122541,39.63569444474963,3480.96923828125
-105.6734722223329,39.63569444474963,3415.29443359375
-105.6695833334404,39.63569444474963,3350.78564453125
-105.6656944445479,39.63569444474963,3526.80615234375
-105.66152777787735,39.63569444474963,3631.828857421875
-105.65763888898486,39.63569444474963,3695.775146484375
-105.65375000009236,39.63569444474963,3628.365234375
-105.64958333342182,39.63569444474963,3614.100341796875
-105.64569444452931,39.63569444474963,3613.937744140625
-105.64180555563681,39.63569444474963,3602.465576171875
-105.6379166667443,39.63569444474963,3599.8857421875
-105.63375000007376,39.63569444474963,3558.96630859375
-105.62986111118126,39.63569444474963,3545.01904296875
-105.62597222228875,39.63569444474963,3448.732421875
-105.62180555561821,39.63569444474963,3355.080322265625
-105.6179166667257,39.63569444474963,3316.2294921875
-105.6140277778332,39.63569444474963,3434.00732421875
-105.61013888894071,39.63569444474963,3560.48388671875
-105.60597222227017,39.63569444474963,3683.23046875
-105.60208333337766,39.63569444474963,3655.896728515625
-105.59819444448516,39.63569444474963,3556.332275390625
-105.59402777781462,39.63569444474963,3469.921875
-105.59013888892211,39.63569444474963,3336.3955078125
-105.58625000002961,39.63569444474963,3252.21484375
-105.58208333335907,39.63569444474963,3230.564453125
-105.57819444446656,39.63569444474963,3271.09033203125
-105.57430555557406,39.63569444474963,3124.5966796875
-105.57041666668155,39.63569444474963,3181.89892578125
-105.56625000001102,39.63569444474963,3205.30419921875
-105.56236111111852,39.63569444474963,3257.642578125
-105.7251388890476,39.63263888919397,3660.672119140625
-105.7212500001551,39.63263888919397,3612.922607421875
-105.71708333348455,39.63263888919397,3492.509521484375
-105.71319444459205,39.63263888919397,3260.47900390625
-105.70930555569954,39.63263888919397,3187.511474609375
-105.70541666680704,39.63263888919397,3370.864990234375
-105.70125000013651,39.63263888919397,3570.098876953125
-105.697361111244,39.63263888919397,3686.328857421875
-105.6934722223515,39.63263888919397,3771.57421875
-105.68930555568096,39.63263888919397,3772.530517578125
-105.68541666678846,39.63263888919397,3658.02783203125
-105.68152777789595,39.63263888919397,3536.1748046875
-105.67736111122541,39.63263888919397,3474.170654296875
-105.6734722223329,39.63263888919397,3422.752197265625
-105.6695833334404,39.63263888919397,3444.025390625
-105.6656944445479,39.63263888919397,3623.718017578125
-105.66152777787735,39.63263888919397,3742.9072265625
-105.65763888898486,39.63263888919397,3749.398193359375
-105.65375000009236,39.63263888919397,3691.48583984375
-105.64958333342182,39.63263888919397,3713.596923828125
-105.64569444452931,39.63263888919397,3675.953125
-105.64180555563681,39.63263888919397,3666.9833984375
-105.6379166667443,39.63263888919397,3642.90234375
-105.63375000007376,39.63263888919397,3636.091796875
-105.62986111118126,39.63263888919397,3580.128662109375
-105.62597222228875,39.63263888919397,3437.041015625
-105.62180555561821,39.63263888919397,3331.004150390625
-105.6179166667257,39.63263888919397,3529.035888671875
-105.6140277778332,39.63263888919397,3541.76171875
-105.61013888894071,39.63263888919397,3624.260498046875
-105.60597222227017,39.63263888919397,3687.79150390625
-105.60208333337766,39.63263888919397,3663.907470703125
-105.59819444448516,39.63263888919397,3598.82080078125
-105.59402777781462,39.63263888919397,3443.219482421875
-105.59013888892211,39.63263888919397,3331.808837890625
-105.58625000002961,39.63263888919397,3320.469970703125
-105.58208333335907,39.63263888919397,3321.454833984375
-105.57819444446656,39.63263888919397,3248.9091796875
-105.57430555557406,39.63263888919397,3222.772705078125
-105.57041666668155,39.63263888919397,3283.015380859375
-105.56625000001102,39.63263888919397,3316.462890625
-105.56236111111852,39.63263888919397,3344.25244140625
-105.7251388890476,39.629583333638315,3649.10595703125
-105.7212500001551,39.629583333638315,3456.41259765625
-105.71708333348455,39.629583333638315,3397.5107421875
-105.71319444459205,39.629583333638315,3237.215087890625
-105.70930555569954,39.629583333638315,3212.816650390625
-105.70541666680704,39.629583333638315,3388.94287109375
-105.70125000013651,39.629583333638315,3655.008056640625
-105.697361111244,39.629583333638315,3798.0478515625
-105.6934722223515,39.629583333638315,3857.63427734375
-105.68930555568096,39.629583333638315,3729.887939453125
-105.68541666678846,39.629583333638315,3625.602294921875
-105.68152777789595,39.629583333638315,3516.778076171875
-105.67736111122541,39.629583333638315,3499.80908203125
-105.6734722223329,39.629583333638315,3442.09228515625
-105.6695833334404,39.629583333638315,3475.193115234375
-105.6656944445479,39.629583333638315,3577.879638671875
-105.66152777787735,39.629583333638315,3809.366943359375
-105.65763888898486,39.629583333638315,3828.782470703125
-105.65375000009236,39.629583333638315,3769.60400390625
-105.64958333342182,39.629583333638315,3789.983642578125
-105.64569444452931,39.629583333638315,3733.599365234375
-105.64180555563681,39.629583333638315,3721.731201171875
-105.6379166667443,39.629583333638315,3720.32861328125
-105.63375000007376,39.629583333638315,3595.458740234375
-105.62986111118126,39.629583333638315,3476.1494140625
-105.62597222228875,39.629583333638315,3404.548095703125
-105.62180555561821,39.629583333638315,3386.962646484375
-105.6179166667257,39.629583333638315,3639.930419921875
-105.6140277778332,39.629583333638315,3635.37451171875
-105.61013888894071,39.629583333638315,3682.880615234375
-105.60597222227017,39.629583333638315,3779.1767578125
-105.60208333337766,39.629583333638315,3647.915771484375
-105.59819444448516,39.629583333638315,3537.71533203125
-105.59402777781462,39.629583333638315,3445.59326171875
-105.59013888892211,39.629583333638315,3448.87353515625
-105.58625000002961,39.629583333638315,3449.154052734375
-105.58208333335907,39.629583333638315,3392.5673828125
-105.57819444446656,39.629583333638315,3327.650390625
-105.57430555557406,39.629583333638315,3322.961669921875
-105.57041666668155,39.629583333638315,3339.365478515625
-105.56625000001102,39.629583333638315,3340.65283203125
-105.56236111111852,39.629583333638315,3374.784912109375
-105.7251388890476,39.62652777808266,3633.922119140625
-105.7212500001551,39.62652777808266,3565.698974609375
-105.71708333348455,39.62652777808266,3418.619384765625
-105.71319444459205,39.62652777808266,3226.34912109375
-105.70930555569954,39.62652777808266,3252.39599609375
-105.70541666680704,39.62652777808266,3422.063720703125
-105.70125000013651,39.62652777808266,3624.78125
-105.697361111244,39.62652777808266,3848.785400390625
-105.6934722223515,39.62652777808266,3913.93896484375
-105.68930555568096,39.62652777808266,3739.221923828125
-105.68541666678846,39.62652777808266,3538.859375
-105.68152777789595,39.62652777808266,3558.395263671875
-105.67736111122541,39.62652777808266,3596.9970703125
-105.6734722223329,39.62652777808266,3566.368896484375
-105.6695833334404,39.62652777808266,3514.351318359375
-105.6656944445479,39.62652777808266,3530.615966796875
-105.66152777787735,39.62652777808266,3792.8837890625
-105.65763888898486,39.62652777808266,3927.79638671875
-105.65375000009236,39.62652777808266,3860.43310546875
-105.64958333342182,39.62652777808266,3881.46826171875
-105.64569444452931,39.62652777808266,3797.4755859375
-105.64180555563681,39.62652777808266,3773.4267578125
-105.6379166667443,39.62652777808266,3721.294677734375
-105.63375000007376,39.62652777808266,3532.57275390625
-105.62986111118126,39.62652777808266,3462.0517578125
-105.62597222228875,39.62652777808266,3389.29296875
-105.62180555561821,39.62652777808266,3507.2294921875
-105.6179166667257,39.62652777808266,3678.7177734375
-105.6140277778332,39.62652777808266,3731.623779296875
-105.61013888894071,39.62652777808266,3748.88623046875
-105.60597222227017,39.62652777808266,3799.1201171875
-105.60208333337766,39.62652777808266,3674.870849609375
-105.59819444448516,39.62652777808266,3577.922119140625
-105.59402777781462,39.62652777808266,3533.6572265625
-105.59013888892211,39.62652777808266,3548.208251953125
-105.58625000002961,39.62652777808266,3553.521728515625
-105.58208333335907,39.62652777808266,3456.135986328125
-105.57819444446656,39.62652777808266,3423.525634765625
-105.57430555557406,39.62652777808266,3414.90283203125
-105.57041666668155,39.62652777808266,3352.9140625
-105.56625000001102,39.62652777808266,3292.8779296875
-105.56236111111852,39.62652777808266,3251.06494140625
-105.7251388890476,39.623472222527,3674.652587890625
-105.7212500001551,39.623472222527,3545.035400390625
-105.71708333348455,39.623472222527,3393.00927734375
-105.71319444459205,39.623472222527,3224.015625
-105.70930555569954,39.623472222527,3281.721435546875
-105.70541666680704,39.623472222527,3462.181884765625
-105.70125000013651,39.623472222527,3683.69287109375
-105.697361111244,39.623472222527,3840.5927734375
-105.6934722223515,39.623472222527,3880.9658203125
-105.68930555568096,39.623472222527,3735.00048828125
-105.68541666678846,39.623472222527,3598.072998046875
-105.68152777789595,39.623472222527,3672.73583984375
-105.67736111122541,39.623472222527,3688.6328125
-105.6734722223329,39.623472222527,3643.248291015625
-105.6695833334404,39.623472222527,3605.799560546875
-105.6656944445479,39.623472222527,3622.998291015625
-105.66152777787735,39.623472222527,3827.70263671875
-105.65763888898486,39.623472222527,4031.267333984375
-105.65375000009236,39.623472222527,3941.429443359375
-105.64958333342182,39.623472222527,3809.320068359375
-105.64569444452931,39.623472222527,3705.412353515625
-105.64180555563681,39.623472222527,3671.4501953125
-105.6379166667443,39.623472222527,3588.96728515625
-105.63375000007376,39.623472222527,3556.8251953125
-105.62986111118126,39.623472222527,3448.95263671875
-105.62597222228875,39.623472222527,3446.650390625
-105.62180555561821,39.623472222527,3670.7138671875
-105.6179166667257,39.623472222527,3787.71337890625
-105.6140277778332,39.623472222527,3878.737548828125
-105.61013888894071,39.623472222527,3854.311279296875
-105.60597222227017,39.623472222527,3872.50048828125
-105.60208333337766,39.623472222527,3793.2861328125
-105.59819444448516,39.623472222527,3707.6357421875
-105.59402777781462,39.623472222527,3680.017578125
-105.59013888892211,39.623472222527,3646.716552734375
-105.58625000002961,39.623472222527,3574.0791015625
-105.58208333335907,39.623472222527,3502.3046875
-105.57819444446656,39.623472222527,3460.2861328125
-105.57430555557406,39.623472222527,3394.3017578125
-105.57041666668155,39.623472222527,3373.072509765625
-105.56625000001102,39.623472222527,3262.1943359375
-105.56236111111852,39.623472222527,3120.385986328125
-105.7251388890476,39.620416666971344,3617.55810546875
-105.7212500001551,39.620416666971344,3497.89111328125
-105.71708333348455,39.620416666971344,3345.3203125
-105.71319444459205,39.620416666971344,3233.034423828125
-105.70930555569954,39.620416666971344,3355.23974609375
-105.70541666680704,39.620416666971344,3504.691162109375
-105.70125000013651,39.620416666971344,3730.0166015625
-105.697361111244,39.620416666971344,3847.917236328125
-105.6934722223515,39.620416666971344,3896.542724609375
-105.68930555568096,39.620416666971344,3758.85107421875
-105.68541666678846,39.620416666971344,3690.08056640625
-105.68152777789595,39.620416666971344,3779.4794921875
-105.67736111122541,39.620416666971344,3809.550048828125
-105.6734722223329,39.620416666971344,3664.83349609375
-105.6695833334404,39.620416666971344,3624.726806640625
-105.6656944445479,39.620416666971344,3741.73291015625
-105.66152777787735,39.620416666971344,3985.052490234375
-105.65763888898486,39.620416666971344,4078.600341796875
-105.65375000009236,39.620416666971344,3837.650634765625
-105.64958333342182,39.620416666971344,3693.603515625
-105.64569444452931,39.620416666971344,3734.808349609375
-105.64180555563681,39.620416666971344,3623.75927734375
-105.6379166667443,39.620416666971344,3602.611572265625
-105.63375000007376,39.620416666971344,3506.373779296875
-105.62986111118126,39.620416666971344,3458.46142578125
-105.62597222228875,39.620416666971344,3598.522216796875
-105.62180555561821,39.620416666971344,3834.376220703125
-105.6179166667257,39.620416666971344,3899.8486328125
-105.6140277778332,39.620416666971344,3954.75439453125
-105.61013888894071,39.620416666971344,3860.977783203125
-105.60597222227017,39.620416666971344,3682.054931640625
-105.60208333337766,39.620416666971344,3710.37841796875
-105.59819444448516,39.620416666971344,3713.12646484375
-105.59402777781462,39.620416666971344,3752.77490234375
-105.59013888892211,39.620416666971344,3729.91162109375
-105.58625000002961,39.620416666971344,3644.1181640625
-105.58208333335907,39.620416666971344,3521.324462890625
-105.57819444446656,39.620416666971344,3422.565185546875
-105.57430555557406,39.620416666971344,3345.26171875
-105.57041666668155,39.620416666971344,3266.044189453125
-105.56625000001102,39.620416666971344,3173.692138671875
-105.56236111111852,39.620416666971344,3054.8515625
-105.7251388890476,39.61736111141569,3610.26025390625
-105.7212500001551,39.61736111141569,3481.757568359375
-105.71708333348455,39.61736111141569,3303.96044921875
-105.71319444459205,39.61736111141569,3257.687255859375
-105.70930555569954,39.61736111141569,3399.851806640625
-105.70541666680704,39.61736111141569,3548.04541015625
-105.70125000013651,39.61736111141569,3782.71728515625
-105.697361111244,39.61736111141569,3891.52978515625
-105.6934722223515,39.61736111141569,3928.007568359375
-105.68930555568096,39.61736111141569,3875.577392578125
-105.68541666678846,39.61736111141569,3827.845947265625
-105.68152777789595,39.61736111141569,3937.969970703125
-105.67736111122541,39.61736111141569,3797.65966796875
-105.6734722223329,39.61736111141569,3678.785400390625
-105.6695833334404,39.61736111141569,3792.71337890625
-105.6656944445479,39.61736111141569,3945.075927734375
-105.66152777787735,39.61736111141569,4131.6064453125
-105.65763888898486,39.61736111141569,4073.947021484375
-105.65375000009236,39.61736111141569,3778.3046875
-105.64958333342182,39.61736111141569,3777.9384765625
-105.64569444452931,39.61736111141569,3888.548583984375
-105.64180555563681,39.61736111141569,3800.663818359375
-105.6379166667443,39.61736111141569,3523.069091796875
-105.63375000007376,39.61736111141569,3477.156982421875
-105.62986111118126,39.61736111141569,3521.256591796875
-105.62597222228875,39.61736111141569,3745.69921875
-105.62180555561821,39.61736111141569,3922.273681640625
-105.6179166667257,39.61736111141569,4021.9189453125
-105.6140277778332,39.61736111141569,4006.322998046875
-105.61013888894071,39.61736111141569,3912.90185546875
-105.60597222227017,39.61736111141569,3727.460205078125
-105.60208333337766,39.61736111141569,3555.02490234375
-105.59819444448516,39.61736111141569,3544.558349609375
-105.59402777781462,39.61736111141569,3591.57177734375
-105.59013888892211,39.61736111141569,3625.01171875
-105.58625000002961,39.61736111141569,3630.5869140625
-105.58208333335907,39.61736111141569,3525.71240234375
-105.57819444446656,39.61736111141569,3438.3173828125
-105.57430555557406,39.61736111141569,3382.645751953125
-105.57041666668155,39.61736111141569,3241.682861328125
-105.56625000001102,39.61736111141569,3180.274169921875
-105.56236111111852,39.61736111141569,3053.5615234375
-105.7251388890476,39.61430555586003,3574.431884765625
-105.7212500001551,39.61430555586003,3434.96484375
-105.71708333348455,39.61430555586003,3283.392578125
-105.71319444459205,39.61430555586003,3296.19384765625
-105.70930555569954,39.61430555586003,3432.9462890625
-105.70541666680704,39.61430555586003,3591.145751953125
-105.70125000013651,39.61430555586003,3752.51416015625
-105.697361111244,39.61430555586003,3833.71044921875
-105.6934722223515,39.61430555586003,3823.064208984375
-105.68930555568096,39.61430555586003,3809.91552734375
-105.68541666678846,39.61430555586003,3870.575927734375
-105.68152777789595,39.61430555586003,3945.10986328125
-105.67736111122541,39.61430555586003,3763.913330078125
-105.6734722223329,39.61430555586003,3785.8349609375
-105.6695833334404,39.61430555586003,3994.76220703125
-105.6656944445479,39.61430555586003,4083.3466796875
-105.66152777787735,39.61430555586003,4090.447509765625
-105.65763888898486,39.61430555586003,4014.833984375
-105.65375000009236,39.61430555586003,3964.4169921875
-105.64958333342182,39.61430555586003,3977.165771484375
-105.64569444452931,39.61430555586003,3930.3525390625
-105.64180555563681,39.61430555586003,3706.983642578125
-105.6379166667443,39.61430555586003,3526.653564453125
-105.63375000007376,39.61430555586003,3476.305419921875
-105.62986111118126,39.61430555586003,3636.7998046875
-105.62597222228875,39.61430555586003,3850.954345703125
-105.62180555561821,39.61430555586003,4020.010986328125
-105.6179166667257,39.61430555586003,4010.640869140625
-105.6140277778332,39.61430555586003,3909.114990234375
-105.61013888894071,39.61430555586003,3834.876708984375
-105.60597222227017,39.61430555586003,3769.59228515625
-105.60208333337766,39.61430555586003,3660.80712890625
-105.59819444448516,39.61430555586003,3586.2412109375
-105.59402777781462,39.61430555586003,3519.783203125
-105.59013888892211,39.61430555586003,3495.846923828125
-105.58625000002961,39.61430555586003,3513.664794921875
-105.58208333335907,39.61430555586003,3479.62841796875
-105.57819444446656,39.61430555586003,3423.617919921875
-105.57430555557406,39.61430555586003,3360.736328125
-105.57041666668155,39.61430555586003,3135.603271484375
-105.56625000001102,39.61430555586003,3106.47900390625
-105.56236111111852,39.61430555586003,3009.359130859375
-105.7251388890476,39.61125000030437,3438.369873046875
-105.7212500001551,39.61125000030437,3357.15478515625
-105.71708333348455,39.61125000030437,3285.493896484375
-105.71319444459205,39.61125000030437,3334.596923828125
-105.70930555569954,39.61125000030437,3445.84521484375
-105.70541666680704,39.61125000030437,3562.9892578125
-105.70125000013651,39.61125000030437,3717.15966796875
-105.697361111244,39.61125000030437,3763.15380859375
-105.6934722223515,39.61125000030437,3715.01025390625
-105.68930555568096,39.61125000030437,3733.5693359375
-105.68541666678846,39.61125000030437,3810.737548828125
-105.68152777789595,39.61125000030437,3884.37060546875
-105.67736111122541,39.61125000030437,3894.631103515625
-105.6734722223329,39.61125000030437,3896.524658203125
-105.6695833334404,39.61125000030437,3922.22021484375
-105.6656944445479,39.61125000030437,3956.7822265625
-105.66152777787735,39.61125000030437,3963.934326171875
-105.65763888898486,39.61125000030437,3980.8505859375
-105.65375000009236,39.61125000030437,4029.52880859375
-105.64958333342182,39.61125000030437,3872.170166015625
-105.64569444452931,39.61125000030437,3785.66796875
-105.64180555563681,39.61125000030437,3597.33447265625
-105.6379166667443,39.61125000030437,3601.798828125
-105.63375000007376,39.61125000030437,3704.380126953125
-105.62986111118126,39.61125000030437,3884.985107421875
-105.62597222228875,39.61125000030437,3938.703369140625
-105.62180555561821,39.61125000030437,3882.13134765625
-105.6179166667257,39.61125000030437,3824.435302734375
-105.6140277778332,39.61125000030437,3755.435791015625
-105.61013888894071,39.61125000030437,3685.87353515625
-105.60597222227017,39.61125000030437,3679.802001953125
-105.60208333337766,39.61125000030437,3699.672607421875
-105.59819444448516,39.61125000030437,3568.71240234375
-105.59402777781462,39.61125000030437,3475.75341796875
-105.59013888892211,39.61125000030437,3452.708251953125
-105.58625000002961,39.61125000030437,3409.238525390625
-105.58208333335907,39.61125000030437,3458.118408203125
-105.57819444446656,39.61125000030437,3342.9453125
-105.57430555557406,39.61125000030437,3206.142578125
-105.57041666668155,39.61125000030437,3084.564208984375
-105.56625000001102,39.61125000030437,2942.6484375
-105.56236111111852,39.61125000030437,2896.11669921875
-105.7251388890476,39.60819444474872,3402.517578125
-105.7212500001551,39.60819444474872,3349.375732421875
-105.71708333348455,39.60819444474872,3354.600341796875
-105.71319444459205,39.60819444474872,3349.8271484375
-105.70930555569954,39.60819444474872,3442.397216796875
-105.70541666680704,39.60819444474872,3515.5478515625
-105.70125000013651,39.60819444474872,3630.41455078125
-105.697361111244,39.60819444474872,3681.269287109375
-105.6934722223515,39.60819444474872,3626.98486328125
-105.68930555568096,39.60819444474872,3658.703369140625
-105.68541666678846,39.60819444474872,3776.742431640625
-105.68152777789595,39.60819444474872,3818.33056640625
-105.67736111122541,39.60819444474872,3862.23388671875
-105.6734722223329,39.60819444474872,3849.55126953125
-105.6695833334404,39.60819444474872,3878.715576171875
-105.6656944445479,39.60819444474872,3914.736572265625
-105.66152777787735,39.60819444474872,3949.797607421875
-105.65763888898486,39.60819444474872,3971.509765625
-105.65375000009236,39.60819444474872,3855.076171875
-105.64958333342182,39.60819444474872,3666.193359375
-105.64569444452931,39.60819444474872,3617.326904296875
-105.64180555563681,39.60819444474872,3606.440673828125
-105.6379166667443,39.60819444474872,3708.091796875
-105.63375000007376,39.60819444474872,3936.25390625
-105.62986111118126,39.60819444474872,4027.470458984375
-105.62597222228875,39.60819444474872,3941.750732421875
-105.62180555561821,39.60819444474872,3783.844482421875
-105.6179166667257,39.60819444474872,3714.027099609375
-105.6140277778332,39.60819444474872,3641.353271484375
-105.61013888894071,39.60819444474872,3573.921142578125
-105.60597222227017,39.60819444474872,3521.163818359375
-105.60208333337766,39.60819444474872,3512.302001953125
-105.59819444448516,39.60819444474872,3495.024658203125
-105.59402777781462,39.60819444474872,3426.4794921875
-105.59013888892211,39.60819444474872,3346.4150390625
-105.58625000002961,39.60819444474872,3332.192626953125
-105.58208333335907,39.60819444474872,3393.942626953125
-105.57819444446656,39.60819444474872,3269.094970703125
-105.57430555557406,39.60819444474872,3155.626708984375
-105.57041666668155,39.60819444474872,3069.34326171875
-105.56625000001102,39.60819444474872,3004.67138671875
-105.56236111111852,39.60819444474872,2998.836669921875
-105.7251388890476,39.60513888919306,3458.34619140625
-105.7212500001551,39.60513888919306,3458.62109375
-105.71708333348455,39.60513888919306,3481.464599609375
-105.71319444459205,39.60513888919306,3418.921875
-105.70930555569954,39.60513888919306,3391.8173828125
-105.70541666680704,39.60513888919306,3507.251220703125
-105.70125000013651,39.60513888919306,3551.814697265625
-105.697361111244,39.60513888919306,3561.399658203125
-105.6934722223515,39.60513888919306,3578.367431640625
-105.68930555568096,39.60513888919306,3612.018798828125
-105.68541666678846,39.60513888919306,3717.64501953125
-105.68152777789595,39.60513888919306,3730.83740234375
-105.67736111122541,39.60513888919306,3776.26171875
-105.6734722223329,39.60513888919306,3833.9716796875
-105.6695833334404,39.60513888919306,3900.30859375
-105.6656944445479,39.60513888919306,3947.79931640625
-105.66152777787735,39.60513888919306,4006.06005859375
-105.65763888898486,39.60513888919306,4024.110595703125
-105.65375000009236,39.60513888919306,3997.344970703125
-105.64958333342182,39.60513888919306,3775.258056640625
-105.64569444452931,39.60513888919306,3708.349609375
-105.64180555563681,39.60513888919306,3689.84375
-105.6379166667443,39.60513888919306,3859.56103515625
-105.63375000007376,39.60513888919306,4051.847900390625
-105.62986111118126,39.60513888919306,3976.417724609375
-105.62597222228875,39.60513888919306,3889.575927734375
-105.62180555561821,39.60513888919306,3776.3837890625
-105.6179166667257,39.60513888919306,3685.067626953125
-105.6140277778332,39.60513888919306,3621.48828125
-105.61013888894071,39.60513888919306,3566.43505859375
-105.60597222227017,39.60513888919306,3495.5869140625
-105.60208333337766,39.60513888919306,3425.419677734375
-105.59819444448516,39.60513888919306,3369.381103515625
-105.59402777781462,39.60513888919306,3347.777099609375
-105.59013888892211,39.60513888919306,3292.619140625
-105.58625000002961,39.60513888919306,3213.381103515625
-105.58208333335907,39.60513888919306,3226.89501953125
-105.57819444446656,39.60513888919306,3235.4111328125
-105.57430555557406,39.60513888919306,3146.1494140625
-105.57041666668155,39.60513888919306,3109.32861328125
-105.56625000001102,39.60513888919306,3019.3896484375
-105.56236111111852,39.60513888919306,2985.175048828125
-105.7251388890476,39.6020833336374,3643.086669921875
-105.7212500001551,39.6020833336374,3602.177490234375
-105.71708333348455,39.6020833336374,3534.95751953125
-105.71319444459205,39.6020833336374,3522.0537109375
-105.70930555569954,39.6020833336374,3427.99853515625
-105.70541666680704,39.6020833336374,3426.24609375
-105.70125000013651,39.6020833336374,3504.164306640625
-105.697361111244,39.6020833336374,3535.62060546875
-105.6934722223515,39.6020833336374,3548.704833984375
-105.68930555568096,39.6020833336374,3596.081787109375
-105.68541666678846,39.6020833336374,3620.0693359375
-105.68152777789595,39.6020833336374,3668.75390625
-105.67736111122541,39.6020833336374,3782.121337890625
-105.6734722223329,39.6020833336374,3892.68359375
-105.6695833334404,39.6020833336374,3987.258544921875
-105.6656944445479,39.6020833336374,4046.401611328125
-105.66152777787735,39.6020833336374,4108.583984375
-105.65763888898486,39.6020833336374,4139.05224609375
-105.65375000009236,39.6020833336374,4147.26416015625
-105.64958333342182,39.6020833336374,3987.646240234375
-105.64569444452931,39.6020833336374,3892.6796875
-105.64180555563681,39.6020833336374,3911.995361328125
-105.6379166667443,39.6020833336374,3964.97412109375
-105.63375000007376,39.6020833336374,3942.70361328125
-105.62986111118126,39.6020833336374,3935.969970703125
-105.62597222228875,39.6020833336374,3908.57666015625
-105.62180555561821,39.6020833336374,3807.20263671875
-105.6179166667257,39.6020833336374,3704.8759765625
-105.6140277778332,39.6020833336374,3649.5498046875
-105.61013888894071,39.6020833336374,3589.305419921875
-105.60597222227017,39.6020833336374,3508.026123046875
-105.60208333337766,39.6020833336374,3412.8720703125
-105.59819444448516,39.6020833336374,3345.370849609375
-105.59402777781462,39.6020833336374,3284.735595703125
-105.59013888892211,39.6020833336374,3237.564697265625
-105.58625000002961,39.6020833336374,3219.48388671875
-105.58208333335907,39.6020833336374,3186.46044921875
-105.57819444446656,39.6020833336374,3177.321044921875
-105.57430555557406,39.6020833336374,3156.505859375
-105.57041666668155,39.6020833336374,3121.495361328125
-105.56625000001102,39.6020833336374,3032.52001953125
-105.56236111111852,39.6020833336374,3040.920654296875
-105.7251388890476,39.59902777808174,3701.58447265625
-105.7212500001551,39.59902777808174,3627.451171875
-105.71708333348455,39.59902777808174,3561.150146484375
-105.71319444459205,39.59902777808174,3546.66064453125
-105.70930555569954,39.59902777808174,3510.209716796875
-105.70541666680704,39.59902777808174,3471.943115234375
-105.70125000013651,39.59902777808174,3474.7724609375
-105.697361111244,39.59902777808174,3506.938232421875
-105.6934722223515,39.59902777808174,3535.97998046875
-105.68930555568096,39.59902777808174,3571.065185546875
-105.68541666678846,39.59902777808174,3568.667724609375
-105.68152777789595,39.59902777808174,3595.08056640625
-105.67736111122541,39.59902777808174,3665.62646484375
-105.6734722223329,39.59902777808174,3802.862060546875
-105.6695833334404,39.59902777808174,3973.5625
-105.6656944445479,39.59902777808174,4042.257568359375
-105.66152777787735,39.59902777808174,4140.435546875
-105.65763888898486,39.59902777808174,4191.3505859375
-105.65375000009236,39.59902777808174,4026.625244140625
-105.64958333342182,39.59902777808174,3962.26708984375
-105.64569444452931,39.59902777808174,3913.027587890625
-105.64180555563681,39.59902777808174,3910.610107421875
-105.6379166667443,39.59902777808174,3920.190185546875
-105.63375000007376,39.59902777808174,3909.736572265625
-105.62986111118126,39.59902777808174,3881.71435546875
-105.62597222228875,39.59902777808174,3842.276123046875
-105.62180555561821,39.59902777808174,3783.22509765625
-105.6179166667257,39.59902777808174,3729.2509765625
-105.6140277778332,39.59902777808174,3671.683349609375
-105.61013888894071,39.59902777808174,3614.513671875
-105.60597222227017,39.59902777808174,3519.40478515625
-105.60208333337766,39.59902777808174,3445.8037109375
-105.59819444448516,39.59902777808174,3375.162841796875
-105.59402777781462,39.59902777808174,3377.537109375
-105.59013888892211,39.59902777808174,3318.873046875
-105.58625000002961,39.59902777808174,3302.365234375
-105.58208333335907,39.59902777808174,3244.742431640625
-105.57819444446656,39.59902777808174,3170.96142578125
-105.57430555557406,39.59902777808174,3144.175048828125
-105.57041666668155,39.59902777808174,3128.560302734375
-105.56625000001102,39.59902777808174,3094.49267578125
-105.56236111111852,39.59902777808174,3068.185302734375
-105.7251388890476,39.595972222526086,3634.4990234375
-105.7212500001551,39.595972222526086,3573.684814453125
-105.71708333348455,39.595972222526086,3531.121826171875
-105.71319444459205,39.595972222526086,3559.11083984375
-105.70930555569954,39.595972222526086,3538.459716796875
-105.70541666680704,39.595972222526086,3512.946533203125
-105.70125000013651,39.595972222526086,3519.1728515625
-105.697361111244,39.595972222526086,3508.478271484375
-105.6934722223515,39.595972222526086,3510.189697265625
-105.68930555568096,39.595972222526086,3518.052978515625
-105.68541666678846,39.595972222526086,3595.460693359375
-105.68152777789595,39.595972222526086,3609.10302734375
-105.67736111122541,39.595972222526086,3572.293701171875
-105.6734722223329,39.595972222526086,3660.024658203125
-105.6695833334404,39.595972222526086,3859.038818359375
-105.6656944445479,39.595972222526086,4001.936279296875
-105.66152777787735,39.595972222526086,4090.09765625
-105.65763888898486,39.595972222526086,4154.10498046875
-105.65375000009236,39.595972222526086,3963.39306640625
-105.64958333342182,39.595972222526086,3943.574462890625
-105.64569444452931,39.595972222526086,3944.030029296875
-105.64180555563681,39.595972222526086,3912.630126953125
-105.6379166667443,39.595972222526086,3908.542236328125
-105.63375000007376,39.595972222526086,3893.353515625
-105.62986111118126,39.595972222526086,3864.069580078125
-105.62597222228875,39.595972222526086,3815.619384765625
-105.62180555561821,39.595972222526086,3771.00830078125
-105.6179166667257,39.595972222526086,3726.183349609375
-105.6140277778332,39.595972222526086,3678.973876953125
-105.61013888894071,39.595972222526086,3608.828125
-105.60597222227017,39.595972222526086,3538.04248046875
-105.60208333337766,39.595972222526086,3508.137939453125
-105.59819444448516,39.595972222526086,3498.5791015625
-105.59402777781462,39.595972222526086,3385.86328125
-105.59013888892211,39.595972222526086,3301.9677734375
-105.58625000002961,39.595972222526086,3247.22900390625
-105.58208333335907,39.595972222526086,3198.81982421875
-105.57819444446656,39.595972222526086,3188.91943359375
-105.57430555557406,39.595972222526086,3181.00048828125
-105.57041666668155,39.595972222526086,3180.8076171875
-105.56625000001102,39.595972222526086,3126.742431640625
-105.56236111111852,39.595972222526086,3081.59423828125
-105.7251388890476,39.59291666697043,3570.705078125
-105.7212500001551,39.59291666697043,3515.2509765625
-105.71708333348455,39.59291666697043,3514.007080078125
-105.71319444459205,39.59291666697043,3554.712890625
-105.70930555569954,39.59291666697043,3552.1357421875
-105.70541666680704,39.59291666697043,3522.567138671875
-105.70125000013651,39.59291666697043,3495.0087890625
-105.697361111244,39.59291666697043,3500.482177734375
-105.6934722223515,39.59291666697043,3531.04248046875
-105.68930555568096,39.59291666697043,3577.26953125
-105.68541666678846,39.59291666697043,3712.36572265625
-105.68152777789595,39.59291666697043,3719.037841796875
-105.67736111122541,39.59291666697043,3633.255126953125
-105.6734722223329,39.59291666697043,3696.254638671875
-105.6695833334404,39.59291666697043,3772.98095703125
-105.6656944445479,39.59291666697043,4092.837646484375
-105.66152777787735,39.59291666697043,4138.4814453125
-105.65763888898486,39.59291666697043,4189.25048828125
-105.65375000009236,39.59291666697043,4112.7353515625
-105.64958333342182,39.59291666697043,4056.931640625
-105.64569444452931,39.59291666697043,4050.5673828125
-105.64180555563681,39.59291666697043,4097.7529296875
-105.6379166667443,39.59291666697043,4028.1640625
-105.63375000007376,39.59291666697043,3913.561279296875
-105.62986111118126,39.59291666697043,3863.454345703125
-105.62597222228875,39.59291666697043,3815.144287109375
-105.62180555561821,39.59291666697043,3768.8798828125
-105.6179166667257,39.59291666697043,3719.0712890625
-105.6140277778332,39.59291666697043,3689.64013671875
-105.61013888894071,39.59291666697043,3649.722412109375
-105.60597222227017,39.59291666697043,3598.28076171875
-105.60208333337766,39.59291666697043,3391.624755859375
-105.59819444448516,39.59291666697043,3339.957763671875
-105.59402777781462,39.59291666697043,3320.11474609375
-105.59013888892211,39.59291666697043,3302.255615234375
-105.58625000002961,39.59291666697043,3242.066650390625
-105.58208333335907,39.59291666697043,3216.64306640625
-105.57819444446656,39.59291666697043,3223.629150390625
-105.57430555557406,39.59291666697043,3209.759765625
-105.57041666668155,39.59291666697043,3191.488525390625
-105.56625000001102,39.59291666697043,3159.562255859375
-105.56236111111852,39.59291666697043,3168.313232421875
-105.7251388890476,39.58986111141477,3519.43994140625
-105.7212500001551,39.58986111141477,3485.580078125
-105.71708333348455,39.58986111141477,3562.478759765625
-105.71319444459205,39.58986111141477,3636.577880859375
-105.70930555569954,39.58986111141477,3582.775146484375
-105.70541666680704,39.58986111141477,3529.11083984375
-105.70125000013651,39.58986111141477,3487.890380859375
-105.697361111244,39.58986111141477,3502.2021484375
-105.6934722223515,39.58986111141477,3550.975341796875
-105.68930555568096,39.58986111141477,3618.9013671875
-105.68541666678846,39.58986111141477,3743.0068359375
-105.68152777789595,39.58986111141477,3815.99267578125
-105.67736111122541,39.58986111141477,3720.633056640625
-105.6734722223329,39.58986111141477,3730.123046875
-105.6695833334404,39.58986111141477,3788.10009765625
-105.6656944445479,39.58986111141477,4070.544189453125
-105.66152777787735,39.58986111141477,4027.618408203125
-105.65763888898486,39.58986111141477,4066.155517578125
-105.65375000009236,39.58986111141477,4223.6396484375
-105.64958333342182,39.58986111141477,4211.03369140625
-105.64569444452931,39.58986111141477,4123.93701171875
-105.64180555563681,39.58986111141477,4246.40869140625
-105.6379166667443,39.58986111141477,4086.250244140625
-105.63375000007376,39.58986111141477,3982.570068359375
-105.62986111118126,39.58986111141477,3894.8017578125
-105.62597222228875,39.58986111141477,3863.665771484375
-105.62180555561821,39.58986111141477,3813.59912109375
-105.6179166667257,39.58986111141477,3670.798583984375
-105.6140277778332,39.58986111141477,3574.732666015625
-105.61013888894071,39.58986111141477,3626.678466796875
-105.60597222227017,39.58986111141477,3586.449462890625
-105.60208333337766,39.58986111141477,3361.49609375
-105.59819444448516,39.58986111141477,3343.2294921875
-105.59402777781462,39.58986111141477,3296.14990234375
-105.59013888892211,39.58986111141477,3285.802978515625
-105.58625000002961,39.58986111141477,3261.08935546875
-105.58208333335907,39.58986111141477,3248.8359375
-105.57819444446656,39.58986111141477,3257.746337890625
-105.57430555557406,39.58986111141477,3225.299560546875
-105.57041666668155,39.58986111141477,3205.5361328125
-105.56625000001102,39.58986111141477,3179.56884765625
-105.56236111111852,39.58986111141477,3111.829345703125
-105.7251388890476,39.586805555859115,3494.925048828125
-105.7212500001551,39.586805555859115,3464.65087890625
-105.71708333348455,39.586805555859115,3561.77490234375
-105.71319444459205,39.586805555859115,3633.135986328125
-105.70930555569954,39.586805555859115,3610.783935546875
-105.70541666680704,39.586805555859115,3521.133056640625
-105.70125000013651,39.586805555859115,3480.349609375
-105.697361111244,39.586805555859115,3498.65380859375
-105.6934722223515,39.586805555859115,3560.1357421875
-105.68930555568096,39.586805555859115,3651.709716796875
-105.68541666678846,39.586805555859115,3765.662353515625
-105.68152777789595,39.586805555859115,3844.1435546875
-105.67736111122541,39.586805555859115,3851.607421875
-105.6734722223329,39.586805555859115,3849.762939453125
-105.6695833334404,39.586805555859115,3950.294921875
-105.6656944445479,39.586805555859115,4003.624755859375
-105.66152777787735,39.586805555859115,3855.427734375
-105.65763888898486,39.586805555859115,3933.21533203125
-105.65375000009236,39.586805555859115,4048.489013671875
-105.64958333342182,39.586805555859115,4128.15283203125
-105.64569444452931,39.586805555859115,4268.54296875
-105.64180555563681,39.586805555859115,4301.5556640625
-105.6379166667443,39.586805555859115,4237.90771484375
-105.63375000007376,39.586805555859115,4082.9755859375
-105.62986111118126,39.586805555859115,3964.3916015625
-105.62597222228875,39.586805555859115,3896.41796875
-105.62180555561821,39.586805555859115,3733.361083984375
-105.6179166667257,39.586805555859115,3603.510009765625
-105.6140277778332,39.586805555859115,3551.50390625
-105.61013888894071,39.586805555859115,3464.569091796875
-105.60597222227017,39.586805555859115,3454.739501953125
-105.60208333337766,39.586805555859115,3360.959716796875
-105.59819444448516,39.586805555859115,3373.011962890625
-105.59402777781462,39.586805555859115,3377.647705078125
-105.59013888892211,39.586805555859115,3349.264404296875
-105.58625000002961,39.586805555859115,3283.33154296875
-105.58208333335907,39.586805555859115,3289.32958984375
-105.57819444446656,39.586805555859115,3300.72802734375
-105.57430555557406,39.586805555859115,3264.462890625
-105.57041666668155,39.586805555859115,3224.7421875
-105.56625000001102,39.586805555859115,3126.313720703125
-105.56236111111852,39.586805555859115,3095.568115234375
-105.7251388890476,39.58375000030346,3404.79736328125
-105.7212500001551,39.58375000030346,3421.29541015625
-105.71708333348455,39.58375000030346,3585.09619140625
-105.71319444459205,39.58375000030346,3602.146728515625
-105.70930555569954,39.58375000030346,3588.9248046875
-105.70541666680704,39.58375000030346,3512.628662109375
-105.70125000013651,39.58375000030346,3472.32568359375
-105.697361111244,39.58375000030346,3506.31494140625
-105.6934722223515,39.58375000030346,3598.4755859375
-105.68930555568096,39.58375000030346,3713.04345703125
-105.68541666678846,39.58375000030346,3800.839111328125
-105.68152777789595,39.58375000030346,3892.659912109375
-105.67736111122541,39.58375000030346,3985.7890625
-105.6734722223329,39.58375000030346,4073.559814453125
-105.6695833334404,39.58375000030346,4191.4716796875
-105.6656944445479,39.58375000030346,4104.99658203125
-105.66152777787735,39.58375000030346,3974.78955078125
-105.65763888898486,39.58375000030346,3855.099853515625
-105.65375000009236,39.58375000030346,3850.94580078125
-105.64958333342182,39.58375000030346,3880.67724609375
-105.64569444452931,39.58375000030346,4082.500732421875
-105.64180555563681,39.58375000030346,4204.259765625
-105.6379166667443,39.58375000030346,4205.14013671875
-105.63375000007376,39.58375000030346,4136.91162109375
-105.62986111118126,39.58375000030346,4062.263671875
-105.62597222228875,39.58375000030346,3977.3046875
-105.62180555561821,39.58375000030346,3773.257568359375
-105.6179166667257,39.58375000030346,3724.436767578125
-105.6140277778332,39.58375000030346,3576.9443359375
-105.61013888894071,39.58375000030346,3546.069580078125
-105.60597222227017,39.58375000030346,3563.5986328125
-105.60208333337766,39.58375000030346,3550.088623046875
-105.59819444448516,39.58375000030346,3528.87353515625
-105.59402777781462,39.58375000030346,3456.752197265625
-105.59013888892211,39.58375000030346,3350.03515625
-105.58625000002961,39.58375000030346,3304.711669921875
-105.58208333335907,39.58375000030346,3323.64453125
-105.57819444446656,39.58375000030346,3311.843505859375
-105.57430555557406,39.58375000030346,3253.016357421875
-105.57041666668155,39.58375000030346,3174.510986328125
-105.56625000001102,39.58375000030346,3120.656494140625
-105.56236111111852,39.58375000030346,3168.728515625
-105.7251388890476,39.5806944447478,3386.239990234375
-105.7212500001551,39.5806944447478,3431.41650390625
-105.71708333348455,39.5806944447478,3561.5166015625
-105.71319444459205,39.5806944447478,3591.083251953125
-105.70930555569954,39.5806944447478,3554.432861328125
-105.70541666680704,39.5806944447478,3498.85302734375
-105.70125000013651,39.5806944447478,3472.37158203125
-105.697361111244,39.5806944447478,3510.433349609375
-105.6934722223515,39.5806944447478,3607.752685546875
-105.68930555568096,39.5806944447478,3761.562255859375
-105.68541666678846,39.5806944447478,3858.58251953125
-105.68152777789595,39.5806944447478,3974.309814453125
-105.67736111122541,39.5806944447478,4075.06884765625
-105.6734722223329,39.5806944447478,4174.72412109375
-105.6695833334404,39.5806944447478,4146.1962890625
-105.6656944445479,39.5806944447478,4133.28515625
-105.66152777787735,39.5806944447478,4137.87939453125
-105.65763888898486,39.5806944447478,3960.228271484375
-105.65375000009236,39.5806944447478,3814.590087890625
-105.64958333342182,39.5806944447478,3792.420166015625
-105.64569444452931,39.5806944447478,3834.861083984375
-105.64180555563681,39.5806944447478,4034.383056640625
-105.6379166667443,39.5806944447478,4118.43701171875
-105.63375000007376,39.5806944447478,4071.559326171875
-105.62986111118126,39.5806944447478,4034.9580078125
-105.62597222228875,39.5806944447478,3905.90576171875
-105.62180555561821,39.5806944447478,3685.16162109375
-105.6179166667257,39.5806944447478,3666.224853515625
-105.6140277778332,39.5806944447478,3630.245361328125
-105.61013888894071,39.5806944447478,3658.243896484375
-105.60597222227017,39.5806944447478,3659.78515625
-105.60208333337766,39.5806944447478,3608.400146484375
-105.59819444448516,39.5806944447478,3537.92236328125
-105.59402777781462,39.5806944447478,3466.940673828125
-105.59013888892211,39.5806944447478,3356.34814453125
-105.58625000002961,39.5806944447478,3314.763916015625
-105.58208333335907,39.5806944447478,3411.003173828125
-105.57819444446656,39.5806944447478,3356.29931640625
-105.57430555557406,39.5806944447478,3278.961181640625
-105.57041666668155,39.5806944447478,3172.724365234375
-105.56625000001102,39.5806944447478,3229.851806640625
-105.56236111111852,39.5806944447478,3297.853759765625
-105.7251388890476,39.577638889192144,3393.366455078125
-105.7212500001551,39.577638889192144,3433.1669921875
-105.71708333348455,39.577638889192144,3575.010009765625
-105.71319444459205,39.577638889192144,3609.51611328125
-105.70930555569954,39.577638889192144,3560.55322265625
-105.70541666680704,39.577638889192144,3493.390380859375
-105.70125000013651,39.577638889192144,3463.18896484375
-105.697361111244,39.577638889192144,3497.421630859375
-105.6934722223515,39.577638889192144,3607.4638671875
-105.68930555568096,39.577638889192144,3748.864013671875
-105.68541666678846,39.577638889192144,3884.24267578125
-105.68152777789595,39.577638889192144,3946.818603515625
-105.67736111122541,39.577638889192144,4077.696044921875
-105.6734722223329,39.577638889192144,4195.82861328125
-105.6695833334404,39.577638889192144,3974.979248046875
-105.6656944445479,39.577638889192144,3941.27587890625
-105.66152777787735,39.577638889192144,3891.2255859375
-105.65763888898486,39.577638889192144,4143.1005859375
-105.65375000009236,39.577638889192144,3882.370849609375
-105.64958333342182,39.577638889192144,3763.65966796875
-105.64569444452931,39.577638889192144,3781.6005859375
-105.64180555563681,39.577638889192144,3813.900146484375
-105.6379166667443,39.577638889192144,4004.015869140625
-105.63375000007376,39.577638889192144,4013.810791015625
-105.62986111118126,39.577638889192144,3996.5322265625
-105.62597222228875,39.577638889192144,3837.871337890625
-105.62180555561821,39.577638889192144,3806.15380859375
-105.6179166667257,39.577638889192144,3791.87548828125
-105.6140277778332,39.577638889192144,3776.79541015625
-105.61013888894071,39.577638889192144,3652.2900390625
-105.60597222227017,39.577638889192144,3580.587646484375
-105.60208333337766,39.577638889192144,3517.3916015625
-105.59819444448516,39.577638889192144,3442.368408203125
-105.59402777781462,39.577638889192144,3389.869384765625
-105.59013888892211,39.577638889192144,3362.9609375
-105.58625000002961,39.577638889192144,3399.9306640625
-105.58208333335907,39.577638889192144,3430.218505859375
-105.57819444446656,39.577638889192144,3352.484375
-105.57430555557406,39.577638889192144,3244.30224609375
-105.57041666668155,39.577638889192144,3250.193115234375
-105.56625000001102,39.577638889192144,3308.458740234375
-105.56236111111852,39.577638889192144,3383.829833984375
-105.7251388890476,39.57458333363649,3394.69384765625
-105.7212500001551,39.57458333363649,3430.18603515625
-105.71708333348455,39.57458333363649,3561.597900390625
-105.71319444459205,39.57458333363649,3617.332275390625
-105.70930555569954,39.57458333363649,3576.15283203125
-105.70541666680704,39.57458333363649,3501.694091796875
-105.70125000013651,39.57458333363649,3456.636962890625
-105.697361111244,39.57458333363649,3478.5400390625
-105.6934722223515,39.57458333363649,3565.46533203125
-105.68930555568096,39.57458333363649,3690.221923828125
-105.68541666678846,39.57458333363649,3747.299072265625
-105.68152777789595,39.57458333363649,3835.400390625
-105.67736111122541,39.57458333363649,3937.88037109375
-105.6734722223329,39.57458333363649,4070.83203125
-105.6695833334404,39.57458333363649,4048.978515625
-105.6656944445479,39.57458333363649,3931.895751953125
-105.66152777787735,39.57458333363649,3760.708984375
-105.65763888898486,39.57458333363649,3914.43408203125
-105.65375000009236,39.57458333363649,3990.63623046875
-105.64958333342182,39.57458333363649,3776.848876953125
-105.64569444452931,39.57458333363649,3754.853759765625
-105.64180555563681,39.57458333363649,3744.473876953125
-105.6379166667443,39.57458333363649,3967.18603515625
-105.63375000007376,39.57458333363649,4042.105712890625
-105.62986111118126,39.57458333363649,4055.173828125
-105.62597222228875,39.57458333363649,3981.80224609375
-105.62180555561821,39.57458333363649,3915.878173828125
-105.6179166667257,39.57458333363649,3888.518798828125
-105.6140277778332,39.57458333363649,3708.749755859375
-105.61013888894071,39.57458333363649,3509.976806640625
-105.60597222227017,39.57458333363649,3480.74853515625
-105.60208333337766,39.57458333363649,3451.0478515625
-105.59819444448516,39.57458333363649,3403.624755859375
-105.59402777781462,39.57458333363649,3417.757568359375
-105.59013888892211,39.57458333363649,3445.34521484375
-105.58625000002961,39.57458333363649,3459.77880859375
-105.58208333335907,39.57458333363649,3390.1005859375
-105.57819444446656,39.57458333363649,3305.8486328125
-105.57430555557406,39.57458333363649,3275.09326171875
-105.57041666668155,39.57458333363649,3337.4345703125
-105.56625000001102,39.57458333363649,3400.943115234375
-105.56236111111852,39.57458333363649,3421.6328125
-105.7251388890476,39.57152777808083,3329.64697265625
-105.7212500001551,39.57152777808083,3451.26220703125
-105.71708333348455,39.57152777808083,3615.0791015625
-105.71319444459205,39.57152777808083,3615.51953125
-105.70930555569954,39.57152777808083,3594.341064453125
-105.70541666680704,39.57152777808083,3540.80810546875
-105.70125000013651,39.57152777808083,3462.633544921875
-105.697361111244,39.57152777808083,3473.45849609375
-105.6934722223515,39.57152777808083,3527.5322265625
-105.68930555568096,39.57152777808083,3551.65283203125
-105.68541666678846,39.57152777808083,3643.75048828125
-105.68152777789595,39.57152777808083,3728.067626953125
-105.67736111122541,39.57152777808083,3811.06494140625
-105.6734722223329,39.57152777808083,3865.997314453125
-105.6695833334404,39.57152777808083,3885.328369140625
-105.6656944445479,39.57152777808083,3882.27392578125
-105.66152777787735,39.57152777808083,3696.914306640625
-105.65763888898486,39.57152777808083,3817.10888671875
-105.65375000009236,39.57152777808083,3822.1044921875
-105.64958333342182,39.57152777808083,3671.285400390625
-105.64569444452931,39.57152777808083,3694.302734375
-105.64180555563681,39.57152777808083,3742.697265625
-105.6379166667443,39.57152777808083,3811.6279296875
-105.63375000007376,39.57152777808083,4097.0263671875
-105.62986111118126,39.57152777808083,4090.4033203125
-105.62597222228875,39.57152777808083,4047.61865234375
-105.62180555561821,39.57152777808083,3993.76513671875
-105.6179166667257,39.57152777808083,3909.59326171875
-105.6140277778332,39.57152777808083,3786.80419921875
-105.61013888894071,39.57152777808083,3622.748779296875
-105.60597222227017,39.57152777808083,3538.015625
-105.60208333337766,39.57152777808083,3510.686767578125
-105.59819444448516,39.57152777808083,3551.22314453125
-105.59402777781462,39.57152777808083,3557.994384765625
-105.59013888892211,39.57152777808083,3538.0654296875
-105.58625000002961,39.57152777808083,3522.47021484375
-105.58208333335907,39.57152777808083,3428.9375
-105.57819444446656,39.57152777808083,3352.311767578125
-105.57430555557406,39.57152777808083,3347.017578125
-105.57041666668155,39.57152777808083,3415.3173828125
-105.56625000001102,39.57152777808083,3470.02587890625
-105.56236111111852,39.57152777808083,3390.336181640625
-105.7251388890476,39.56847222252517,3296.77001953125
-105.7212500001551,39.56847222252517,3445.71435546875
-105.71708333348455,39.56847222252517,3558.038818359375
-105.71319444459205,39.56847222252517,3632.842529296875
-105.70930555569954,39.56847222252517,3599.406982421875
-105.70541666680704,39.56847222252517,3572.93310546875
-105.70125000013651,39.56847222252517,3502.88134765625
-105.697361111244,39.56847222252517,3452.330078125
-105.6934722223515,39.56847222252517,3475.921875
-105.68930555568096,39.56847222252517,3512.408935546875
-105.68541666678846,39.56847222252517,3529.382568359375
-105.68152777789595,39.56847222252517,3578.4326171875
-105.67736111122541,39.56847222252517,3675.109375
-105.6734722223329,39.56847222252517,3720.981689453125
-105.6695833334404,39.56847222252517,3761.598388671875
-105.6656944445479,39.56847222252517,3861.902587890625
-105.66152777787735,39.56847222252517,3658.61962890625
-105.65763888898486,39.56847222252517,3683.20751953125
-105.65375000009236,39.56847222252517,3634.689208984375
-105.64958333342182,39.56847222252517,3647.70849609375
-105.64569444452931,39.56847222252517,3652.377197265625
-105.64180555563681,39.56847222252517,3723.756103515625
-105.6379166667443,39.56847222252517,3773.3447265625
-105.63375000007376,39.56847222252517,4007.935546875
-105.62986111118126,39.56847222252517,4046.275146484375
-105.62597222228875,39.56847222252517,4088.057861328125
-105.62180555561821,39.56847222252517,4056.4072265625
-105.6179166667257,39.56847222252517,3789.60986328125
-105.6140277778332,39.56847222252517,3640.5703125
-105.61013888894071,39.56847222252517,3620.334716796875
-105.60597222227017,39.56847222252517,3576.6611328125
-105.60208333337766,39.56847222252517,3614.56982421875
-105.59819444448516,39.56847222252517,3701.44287109375
-105.59402777781462,39.56847222252517,3703.4453125
-105.59013888892211,39.56847222252517,3627.963134765625
-105.58625000002961,39.56847222252517,3581.57470703125
-105.58208333335907,39.56847222252517,3473.544189453125
-105.57819444446656,39.56847222252517,3416.975341796875
-105.57430555557406,39.56847222252517,3410.72998046875
-105.57041666668155,39.56847222252517,3522.752685546875
-105.56625000001102,39.56847222252517,3420.47509765625
-105.56236111111852,39.56847222252517,3338.842529296875
-105.7251388890476,39.56541666696952,3297.492431640625
-105.7212500001551,39.56541666696952,3337.94287109375
-105.71708333348455,39.56541666696952,3504.53125
-105.71319444459205,39.56541666696952,3529.66552734375
-105.70930555569954,39.56541666696952,3574.210205078125
-105.70541666680704,39.56541666696952,3605.19482421875
-105.70125000013651,39.56541666696952,3558.35546875
-105.697361111244,39.56541666696952,3467.90771484375
-105.6934722223515,39.56541666696952,3459.40234375
-105.68930555568096,39.56541666696952,3479.67578125
-105.68541666678846,39.56541666696952,3460.81982421875
-105.68152777789595,39.56541666696952,3440.391845703125
-105.67736111122541,39.56541666696952,3533.75927734375
-105.6734722223329,39.56541666696952,3598.94091796875
-105.6695833334404,39.56541666696952,3661.25732421875
-105.6656944445479,39.56541666696952,3720.4560546875
-105.66152777787735,39.56541666696952,3617.166748046875
-105.65763888898486,39.56541666696952,3579.030029296875
-105.65375000009236,39.56541666696952,3581.244140625
-105.64958333342182,39.56541666696952,3607.80078125
-105.64569444452931,39.56541666696952,3621.322021484375
-105.64180555563681,39.56541666696952,3846.783203125
-105.6379166667443,39.56541666696952,3892.652099609375
-105.63375000007376,39.56541666696952,3979.20654296875
-105.62986111118126,39.56541666696952,4022.253662109375
-105.62597222228875,39.56541666696952,4048.16845703125
-105.62180555561821,39.56541666696952,4031.502197265625
-105.6179166667257,39.56541666696952,3899.765380859375
-105.6140277778332,39.56541666696952,3783.80908203125
-105.61013888894071,39.56541666696952,3748.477294921875
-105.60597222227017,39.56541666696952,3730.515625
-105.60208333337766,39.56541666696952,3770.864013671875
-105.59819444448516,39.56541666696952,3822.41259765625
-105.59402777781462,39.56541666696952,3817.361328125
-105.59013888892211,39.56541666696952,3716.682373046875
-105.58625000002961,39.56541666696952,3605.9306640625
-105.58208333335907,39.56541666696952,3509.18408203125
-105.57819444446656,39.56541666696952,3460.825927734375
-105.57430555557406,39.56541666696952,3501.79541015625
-105.57041666668155,39.56541666696952,3515.2900390625
-105.56625000001102,39.56541666696952,3404.936767578125
-105.56236111111852,39.56541666696952,3352.157958984375
-105.7251388890476,39.56236111141386,3384.039794921875
-105.7212500001551,39.56236111141386,3218.583984375
-105.71708333348455,39.56236111141386,3397.4443359375
-105.71319444459205,39.56236111141386,3434.634765625
-105.70930555569954,39.56236111141386,3567.556640625
-105.70541666680704,39.56236111141386,3688.412109375
-105.70125000013651,39.56236111141386,3615.1376953125
-105.697361111244,39.56236111141386,3542.018798828125
-105.6934722223515,39.56236111141386,3426.379638671875
-105.68930555568096,39.56236111141386,3482.438232421875
-105.68541666678846,39.56236111141386,3459.80908203125
-105.68152777789595,39.56236111141386,3395.54443359375
-105.67736111122541,39.56236111141386,3408.153564453125
-105.6734722223329,39.56236111141386,3494.572509765625
-105.6695833334404,39.56236111141386,3555.13427734375
-105.6656944445479,39.56236111141386,3618.42822265625
-105.66152777787735,39.56236111141386,3596.84033203125
-105.65763888898486,39.56236111141386,3561.847412109375
-105.65375000009236,39.56236111141386,3525.374755859375
-105.64958333342182,39.56236111141386,3576.677001953125
-105.64569444452931,39.56236111141386,3667.48193359375
-105.64180555563681,39.56236111141386,3855.895263671875
-105.6379166667443,39.56236111141386,3910.8828125
-105.63375000007376,39.56236111141386,3959.673583984375
-105.62986111118126,39.56236111141386,3909.211669921875
-105.62597222228875,39.56236111141386,3877.73388671875
-105.62180555561821,39.56236111141386,3891.2958984375
-105.6179166667257,39.56236111141386,3949.941650390625
-105.6140277778332,39.56236111141386,3943.814453125
-105.61013888894071,39.56236111141386,3919.608642578125
-105.60597222227017,39.56236111141386,3912.146484375
-105.60208333337766,39.56236111141386,3905.4775390625
-105.59819444448516,39.56236111141386,3918.048583984375
-105.59402777781462,39.56236111141386,3795.48291015625
-105.59013888892211,39.56236111141386,3619.24755859375
-105.58625000002961,39.56236111141386,3582.40869140625
-105.58208333335907,39.56236111141386,3544.379150390625
-105.57819444446656,39.56236111141386,3516.615234375
-105.57430555557406,39.56236111141386,3609.09423828125
-105.57041666668155,39.56236111141386,3492.685546875
-105.56625000001102,39.56236111141386,3414.989501953125
-105.56236111111852,39.56236111141386,3397.979248046875
-105.7251388890476,39.5593055558582,3354.080810546875
-105.7212500001551,39.5593055558582,3183.90869140625
-105.71708333348455,39.5593055558582,3271.6962890625
-105.71319444459205,39.5593055558582,3414.3662109375
-105.70930555569954,39.5593055558582,3550.801025390625
-105.70541666680704,39.5593055558582,3681.47216796875
-105.70125000013651,39.5593055558582,3679.651123046875
-105.697361111244,39.5593055558582,3639.902099609375
-105.6934722223515,39.5593055558582,3462.183349609375
-105.68930555568096,39.5593055558582,3381.38671875
-105.68541666678846,39.5593055558582,3423.343994140625
-105.68152777789595,39.5593055558582,3426.0908203125
-105.67736111122541,39.5593055558582,3353.21044921875
-105.6734722223329,39.5593055558582,3405.961181640625
-105.6695833334404,39.5593055558582,3472.522216796875
-105.6656944445479,39.5593055558582,3561.640625
-105.66152777787735,39.5593055558582,3525.912109375
-105.65763888898486,39.5593055558582,3510.488525390625
-105.65375000009236,39.5593055558582,3467.22265625
-105.64958333342182,39.5593055558582,3553.467529296875
-105.64569444452931,39.5593055558582,3712.138916015625
-105.64180555563681,39.5593055558582,3830.463134765625
-105.6379166667443,39.5593055558582,3903.088134765625
-105.63375000007376,39.5593055558582,3853.293701171875
-105.62986111118126,39.5593055558582,3810.30810546875
-105.62597222228875,39.5593055558582,3782.119384765625
-105.62180555561821,39.5593055558582,3798.810546875
-105.6179166667257,39.5593055558582,3855.2578125
-105.6140277778332,39.5593055558582,3947.517822265625
-105.61013888894071,39.5593055558582,4056.262939453125
-105.60597222227017,39.5593055558582,4042.1337890625
-105.60208333337766,39.5593055558582,4042.739013671875
-105.59819444448516,39.5593055558582,3908.570556640625
-105.59402777781462,39.5593055558582,3714.71044921875
-105.59013888892211,39.5593055558582,3678.190185546875
-105.58625000002961,39.5593055558582,3651.969482421875
-105.58208333335907,39.5593055558582,3581.52734375
-105.57819444446656,39.5593055558582,3586.2529296875
-105.57430555557406,39.5593055558582,3662.562255859375
-105.57041666668155,39.5593055558582,3558.244140625
-105.56625000001102,39.5593055558582,3502.800537109375
-105.56236111111852,39.5593055558582,3475.014892578125
-105.7251388890476,39.55625000030254,3331.1142578125
-105.7212500001551,39.55625000030254,3154.20703125
-105.71708333348455,39.55625000030254,3243.079345703125
-105.71319444459205,39.55625000030254,3388.098388671875
-105.70930555569954,39.55625000030254,3502.078125
-105.70541666680704,39.55625000030254,3598.291015625
-105.70125000013651,39.55625000030254,3709.960693359375
-105.697361111244,39.55625000030254,3639.281982421875
-105.6934722223515,39.55625000030254,3530.0029296875
-105.68930555568096,39.55625000030254,3435.24365234375
-105.68541666678846,39.55625000030254,3359.42626953125
-105.68152777789595,39.55625000030254,3354.989990234375
-105.67736111122541,39.55625000030254,3347.083740234375
-105.6734722223329,39.55625000030254,3337.2822265625
-105.6695833334404,39.55625000030254,3447.759521484375
-105.6656944445479,39.55625000030254,3448.90380859375
-105.66152777787735,39.55625000030254,3438.210205078125
-105.65763888898486,39.55625000030254,3461.99658203125
-105.65375000009236,39.55625000030254,3461.7783203125
-105.64958333342182,39.55625000030254,3629.2431640625
-105.64569444452931,39.55625000030254,3736.168701171875
-105.64180555563681,39.55625000030254,3773.841552734375
-105.6379166667443,39.55625000030254,3778.7724609375
-105.63375000007376,39.55625000030254,3778.8193359375
-105.62986111118126,39.55625000030254,3739.76904296875
-105.62597222228875,39.55625000030254,3709.213623046875
-105.62180555561821,39.55625000030254,3760.09716796875
-105.6179166667257,39.55625000030254,3837.922119140625
-105.6140277778332,39.55625000030254,3930.957275390625
-105.61013888894071,39.55625000030254,4043.26025390625
-105.60597222227017,39.55625000030254,4133.3291015625
-105.60208333337766,39.55625000030254,4068.794921875
-105.59819444448516,39.55625000030254,3937.943603515625
-105.59402777781462,39.55625000030254,3813.441162109375
-105.59013888892211,39.55625000030254,3734.06201171875
-105.58625000002961,39.55625000030254,3651.37060546875
-105.58208333335907,39.55625000030254,3615.4580078125
-105.57819444446656,39.55625000030254,3656.47607421875
-105.57430555557406,39.55625000030254,3705.284912109375
-105.57041666668155,39.55625000030254,3653.220458984375
-105.56625000001102,39.55625000030254,3601.435546875
-105.56236111111852,39.55625000030254,3549.358154296875
-105.7251388890476,39.553194444746886,3248.07080078125
-105.7212500001551,39.553194444746886,3142.244384765625
-105.71708333348455,39.553194444746886,3222.650146484375
-105.71319444459205,39.553194444746886,3322.37744140625
-105.70930555569954,39.553194444746886,3429.61328125
-105.70541666680704,39.553194444746886,3561.801025390625
-105.70125000013651,39.553194444746886,3725.335693359375
-105.697361111244,39.553194444746886,3710.322509765625
-105.6934722223515,39.553194444746886,3672.081298828125
-105.68930555568096,39.553194444746886,3541.86181640625
-105.68541666678846,39.553194444746886,3409.42822265625
-105.68152777789595,39.553194444746886,3326.932373046875
-105.67736111122541,39.553194444746886,3302.3701171875
-105.6734722223329,39.553194444746886,3319.58203125
-105.6695833334404,39.553194444746886,3332.015625
-105.6656944445479,39.553194444746886,3342.67724609375
-105.66152777787735,39.553194444746886,3375.505859375
-105.65763888898486,39.553194444746886,3414.4853515625
-105.65375000009236,39.553194444746886,3537.564453125
-105.64958333342182,39.553194444746886,3631.656494140625
-105.64569444452931,39.553194444746886,3716.447265625
-105.64180555563681,39.553194444746886,3723.710693359375
-105.6379166667443,39.553194444746886,3703.282958984375
-105.63375000007376,39.553194444746886,3698.535888671875
-105.62986111118126,39.553194444746886,3659.76904296875
-105.62597222228875,39.553194444746886,3670.55224609375
-105.62180555561821,39.553194444746886,3752.72509765625
-105.6179166667257,39.553194444746886,3867.796142578125
-105.6140277778332,39.553194444746886,3990.203369140625
-105.61013888894071,39.553194444746886,4054.4287109375
-105.60597222227017,39.553194444746886,4084.37939453125
-105.60208333337766,39.553194444746886,3998.296875
-105.59819444448516,39.553194444746886,3922.8154296875
-105.59402777781462,39.553194444746886,3836.31494140625
-105.59013888892211,39.553194444746886,3783.324951171875
-105.58625000002961,39.553194444746886,3702.3603515625
-105.58208333335907,39.553194444746886,3653.409423828125
-105.57819444446656,39.553194444746886,3681.005126953125
-105.57430555557406,39.553194444746886,3628.08544921875
-105.57041666668155,39.553194444746886,3539.43115234375
-105.56625000001102,39.553194444746886,3519.994873046875
-105.56236111111852,39.553194444746886,3532.97265625
-105.7251388890476,39.55013888919123,3225.794189453125
-105.7212500001551,39.55013888919123,3155.9912109375
-105.71708333348455,39.55013888919123,3215.038818359375
-105.71319444459205,39.55013888919123,3333.23193359375
-105.70930555569954,39.55013888919123,3459.6376953125
-105.70541666680704,39.55013888919123,3570.46533203125
-105.70125000013651,39.55013888919123,3687.780029296875
-105.697361111244,39.55013888919123,3694.5595703125
-105.6934722223515,39.55013888919123,3755.037841796875
-105.68930555568096,39.55013888919123,3658.3232421875
-105.68541666678846,39.55013888919123,3517.757080078125
-105.68152777789595,39.55013888919123,3370.73779296875
-105.67736111122541,39.55013888919123,3276.50537109375
-105.6734722223329,39.55013888919123,3244.195556640625
-105.6695833334404,39.55013888919123,3366.21923828125
-105.6656944445479,39.55013888919123,3398.256103515625
-105.66152777787735,39.55013888919123,3434.648681640625
-105.65763888898486,39.55013888919123,3513.043212890625
-105.65375000009236,39.55013888919123,3551.737548828125
-105.64958333342182,39.55013888919123,3596.919677734375
-105.64569444452931,39.55013888919123,3649.070556640625
-105.64180555563681,39.55013888919123,3678.272216796875
-105.6379166667443,39.55013888919123,3669.7724609375
-105.63375000007376,39.55013888919123,3596.701416015625
-105.62986111118126,39.55013888919123,3611.29296875
-105.62597222228875,39.55013888919123,3710.5537109375
-105.62180555561821,39.55013888919123,3788.47509765625
-105.6179166667257,39.55013888919123,3882.9912109375
-105.6140277778332,39.55013888919123,3952.04541015625
-105.61013888894071,39.55013888919123,3964.1796875
-105.60597222227017,39.55013888919123,3961.306396484375
-105.60208333337766,39.55013888919123,3876.485107421875
-105.59819444448516,39.55013888919123,3763.265625
-105.59402777781462,39.55013888919123,3706.296875
-105.59013888892211,39.55013888919123,3665.923828125
-105.58625000002961,39.55013888919123,3593.92724609375
-105.58208333335907,39.55013888919123,3568.572509765625
-105.57819444446656,39.55013888919123,3603.65283203125
-105.57430555557406,39.55013888919123,3562.899169921875
-105.57041666668155,39.55013888919123,3477.39599609375
-105.56625000001102,39.55013888919123,3404.582275390625
-105.56236111111852,39.55013888919123,3355.45703125
-105.7251388890476,39.54708333363557,3196.4267578125
-105.7212500001551,39.54708333363557,3148.5546875
-105.71708333348455,39.54708333363557,3180.12158203125
-105.71319444459205,39.54708333363557,3328.04150390625
-105.70930555569954,39.54708333363557,3468.571533203125
-105.70541666680704,39.54708333363557,3599.880615234375
-105.70125000013651,39.54708333363557,3610.933837890625
-105.697361111244,39.54708333363557,3654.218994140625
-105.6934722223515,39.54708333363557,3716.467041015625
-105.68930555568096,39.54708333363557,3654.629638671875
-105.68541666678846,39.54708333363557,3501.323974609375
-105.68152777789595,39.54708333363557,3280.167236328125
-105.67736111122541,39.54708333363557,3250.1875
-105.6734722223329,39.54708333363557,3229.669921875
-105.6695833334404,39.54708333363557,3391.5166015625
-105.6656944445479,39.54708333363557,3468.373291015625
-105.66152777787735,39.54708333363557,3494.37744140625
-105.65763888898486,39.54708333363557,3516.332763671875
-105.65375000009236,39.54708333363557,3566.41015625
-105.64958333342182,39.54708333363557,3591.967041015625
-105.64569444452931,39.54708333363557,3632.47119140625
-105.64180555563681,39.54708333363557,3661.9521484375
-105.6379166667443,39.54708333363557,3571.281982421875
-105.63375000007376,39.54708333363557,3548.20068359375
-105.62986111118126,39.54708333363557,3656.55712890625
-105.62597222228875,39.54708333363557,3739.936767578125
-105.62180555561821,39.54708333363557,3742.762451171875
-105.6179166667257,39.54708333363557,3747.999267578125
-105.6140277778332,39.54708333363557,3778.784912109375
-105.61013888894071,39.54708333363557,3795.10205078125
-105.60597222227017,39.54708333363557,3841.836181640625
-105.60208333337766,39.54708333363557,3742.11572265625
-105.59819444448516,39.54708333363557,3650.280517578125
-105.59402777781462,39.54708333363557,3578.3876953125
-105.59013888892211,39.54708333363557,3542.008544921875
-105.58625000002961,39.54708333363557,3505.71826171875
-105.58208333335907,39.54708333363557,3450.63525390625
-105.57819444446656,39.54708333363557,3474.842529296875
-105.57430555557406,39.54708333363557,3480.579833984375
-105.57041666668155,39.54708333363557,3433.5341796875
-105.56625000001102,39.54708333363557,3343.67822265625
-105.56236111111852,39.54708333363557,3303.255126953125
-105.7251388890476,39.544027778079915,3161.534423828125
-105.7212500001551,39.544027778079915,3096.032470703125
-105.71708333348455,39.544027778079915,3192.437255859375
-105.71319444459205,39.544027778079915,3327.12646484375
-105.70930555569954,39.544027778079915,3493.872802734375
-105.70541666680704,39.544027778079915,3541.6796875
-105.70125000013651,39.544027778079915,3547.788818359375
-105.697361111244,39.544027778079915,3634.165771484375
-105.6934722223515,39.544027778079915,3599.598388671875
-105.68930555568096,39.544027778079915,3441.94580078125
-105.68541666678846,39.544027778079915,3309.20947265625
-105.68152777789595,39.544027778079915,3203.94287109375
-105.67736111122541,39.544027778079915,3180.935791015625
-105.6734722223329,39.544027778079915,3276.704345703125
-105.6695833334404,39.544027778079915,3448.478515625
-105.6656944445479,39.544027778079915,3473.241455078125
-105.66152777787735,39.544027778079915,3493.965087890625
-105.65763888898486,39.544027778079915,3516.069091796875
-105.65375000009236,39.544027778079915,3569.075927734375
-105.64958333342182,39.544027778079915,3601.28271484375
-105.64569444452931,39.544027778079915,3639.222412109375
-105.64180555563681,39.544027778079915,3553.53857421875
-105.6379166667443,39.544027778079915,3487.839111328125
-105.63375000007376,39.544027778079915,3576.494140625
-105.62986111118126,39.544027778079915,3707.787353515625
-105.62597222228875,39.544027778079915,3653.48193359375
-105.62180555561821,39.544027778079915,3535.1552734375
-105.6179166667257,39.544027778079915,3618.81884765625
-105.6140277778332,39.544027778079915,3683.060791015625
-105.61013888894071,39.544027778079915,3710.617919921875
-105.60597222227017,39.544027778079915,3772.68505859375
-105.60208333337766,39.544027778079915,3686.793212890625
-105.59819444448516,39.544027778079915,3617.21630859375
-105.59402777781462,39.544027778079915,3521.396240234375
-105.59013888892211,39.544027778079915,3448.80517578125
-105.58625000002961,39.544027778079915,3386.2197265625
-105.58208333335907,39.544027778079915,3339.25830078125
-105.57819444446656,39.544027778079915,3400.634521484375
-105.57430555557406,39.544027778079915,3383.419921875
-105.57041666668155,39.544027778079915,3380.9619140625
-105.56625000001102,39.544027778079915,3345.6298828125
-105.56236111111852,39.544027778079915,3302.05224609375
-105.7251388890476,39.54097222252426,3090.588134765625
-105.7212500001551,39.54097222252426,3073.951904296875
-105.71708333348455,39.54097222252426,3207.0615234375
-105.71319444459205,39.54097222252426,3369.3994140625
-105.70930555569954,39.54097222252426,3461.09375
-105.70541666680704,39.54097222252426,3440.691162109375
-105.70125000013651,39.54097222252426,3464.4267578125
-105.697361111244,39.54097222252426,3585.3271484375
-105.6934722223515,39.54097222252426,3487.3095703125
-105.68930555568096,39.54097222252426,3339.18896484375
-105.68541666678846,39.54097222252426,3232.411376953125
-105.68152777789595,39.54097222252426,3134.425537109375
-105.67736111122541,39.54097222252426,3193.242431640625
-105.6734722223329,39.54097222252426,3319.781005859375
-105.6695833334404,39.54097222252426,3464.4921875
-105.6656944445479,39.54097222252426,3548.196533203125
-105.66152777787735,39.54097222252426,3554.751953125
-105.65763888898486,39.54097222252426,3537.585205078125
-105.65375000009236,39.54097222252426,3549.7353515625
-105.64958333342182,39.54097222252426,3559.34716796875
-105.64569444452931,39.54097222252426,3568.440673828125
-105.64180555563681,39.54097222252426,3517.8291015625
-105.6379166667443,39.54097222252426,3441.79541015625
-105.63375000007376,39.54097222252426,3543.81494140625
-105.62986111118126,39.54097222252426,3562.48681640625
-105.62597222228875,39.54097222252426,3566.336669921875
-105.62180555561821,39.54097222252426,3444.0810546875
-105.6179166667257,39.54097222252426,3564.457275390625
-105.6140277778332,39.54097222252426,3626.268310546875
-105.61013888894071,39.54097222252426,3648.463623046875
-105.60597222227017,39.54097222252426,3751.491943359375
-105.60208333337766,39.54097222252426,3740.402587890625
-105.59819444448516,39.54097222252426,3660.583251953125
-105.59402777781462,39.54097222252426,3576.128662109375
-105.59013888892211,39.54097222252426,3475.02099609375
-105.58625000002961,39.54097222252426,3386.9345703125
-105.58208333335907,39.54097222252426,3284.39501953125
-105.57819444446656,39.54097222252426,3377.97021484375
-105.57430555557406,39.54097222252426,3353.02978515625
-105.57041666668155,39.54097222252426,3407.6748046875
-105.56625000001102,39.54097222252426,3396.4365234375
-105.56236111111852,39.54097222252426,3326.19921875
-105.7251388890476,39.5379166669686,3061.728759765625
-105.7212500001551,39.5379166669686,3120.634521484375
-105.71708333348455,39.5379166669686,3254.777099609375
-105.71319444459205,39.5379166669686,3372.878173828125
-105.70930555569954,39.5379166669686,3395.424560546875
-105.70541666680704,39.5379166669686,3330.178466796875
-105.70125000013651,39.5379166669686,3413.553955078125
-105.697361111244,39.5379166669686,3512.537353515625
-105.6934722223515,39.5379166669686,3385.5576171875
-105.68930555568096,39.5379166669686,3268.3427734375
-105.68541666678846,39.5379166669686,3125.77197265625
-105.68152777789595,39.5379166669686,3149.784912109375
-105.67736111122541,39.5379166669686,3299.197021484375
-105.6734722223329,39.5379166669686,3394.09326171875
-105.6695833334404,39.5379166669686,3511.029296875
-105.6656944445479,39.5379166669686,3654.532470703125
-105.66152777787735,39.5379166669686,3676.98486328125
-105.65763888898486,39.5379166669686,3590.357666015625
-105.65375000009236,39.5379166669686,3564.844970703125
-105.64958333342182,39.5379166669686,3544.992431640625
-105.64569444452931,39.5379166669686,3505.375244140625
-105.64180555563681,39.5379166669686,3464.215087890625
-105.6379166667443,39.5379166669686,3418.052734375
-105.63375000007376,39.5379166669686,3394.4638671875
-105.62986111118126,39.5379166669686,3413.886474609375
-105.62597222228875,39.5379166669686,3455.89111328125
-105.62180555561821,39.5379166669686,3392.588134765625
-105.6179166667257,39.5379166669686,3533.612548828125
-105.6140277778332,39.5379166669686,3555.67431640625
-105.61013888894071,39.5379166669686,3586.90234375
-105.60597222227017,39.5379166669686,3727.620361328125
-105.60208333337766,39.5379166669686,3753.6767578125
-105.59819444448516,39.5379166669686,3731.493896484375
-105.59402777781462,39.5379166669686,3662.824951171875
-105.59013888892211,39.5379166669686,3546.020751953125
-105.58625000002961,39.5379166669686,3419.52978515625
-105.58208333335907,39.5379166669686,3291.26416015625
-105.57819444446656,39.5379166669686,3269.8515625
-105.57430555557406,39.5379166669686,3302.37109375
-105.57041666668155,39.5379166669686,3395.0302734375
-105.56625000001102,39.5379166669686,3490.369140625
-105.56236111111852,39.5379166669686,3413.1611328125
-105.7251388890476,39.534861111412944,3102.810302734375
-105.7212500001551,39.534861111412944,3210.301513671875
-105.71708333348455,39.534861111412944,3314.69287109375
-105.71319444459205,39.534861111412944,3361.652099609375
-105.70930555569954,39.534861111412944,3302.5087890625
-105.70541666680704,39.534861111412944,3295.057373046875
-105.70125000013651,39.534861111412944,3432.61474609375
-105.697361111244,39.534861111412944,3437.600830078125
-105.6934722223515,39.534861111412944,3333.077880859375
-105.68930555568096,39.534861111412944,3173.519775390625
-105.68541666678846,39.534861111412944,3099.255859375
-105.68152777789595,39.534861111412944,3184.991455078125
-105.67736111122541,39.534861111412944,3331.293212890625
-105.6734722223329,39.534861111412944,3465.23291015625
-105.6695833334404,39.534861111412944,3564.701904296875
-105.6656944445479,39.534861111412944,3704.693115234375
-105.66152777787735,39.534861111412944,3748.155029296875
-105.65763888898486,39.534861111412944,3642.73486328125
-105.65375000009236,39.534861111412944,3592.84130859375
-105.64958333342182,39.534861111412944,3562.658447265625
-105.64569444452931,39.534861111412944,3578.625732421875
-105.64180555563681,39.534861111412944,3506.591796875
-105.6379166667443,39.534861111412944,3446.508056640625
-105.63375000007376,39.534861111412944,3394.224365234375
-105.62986111118126,39.534861111412944,3351.51904296875
-105.62597222228875,39.534861111412944,3327.013671875
-105.62180555561821,39.534861111412944,3337.2060546875
-105.6179166667257,39.534861111412944,3431.60498046875
-105.6140277778332,39.534861111412944,3471.519775390625
-105.61013888894071,39.534861111412944,3474.5625
-105.60597222227017,39.534861111412944,3632.43994140625
-105.60208333337766,39.534861111412944,3653.640625
-105.59819444448516,39.534861111412944,3642.389404296875
-105.59402777781462,39.534861111412944,3593.180908203125
-105.59013888892211,39.534861111412944,3502.0751953125
-105.58625000002961,39.534861111412944,3401.92041015625
-105.58208333335907,39.534861111412944,3325.24755859375
-105.57819444446656,39.534861111412944,3184.3525390625
-105.57430555557406,39.534861111412944,3239.70654296875
-105.57041666668155,39.534861111412944,3366.140625
-105.56625000001102,39.534861111412944,3428.5283203125
-105.56236111111852,39.534861111412944,3409.841064453125
-105.7251388890476,39.53180555585729,3198.74560546875
-105.7212500001551,39.53180555585729,3286.88671875
-105.71708333348455,39.53180555585729,3272.189208984375
-105.71319444459205,39.53180555585729,3317.09521484375
-105.70930555569954,39.53180555585729,3219.95703125
-105.70541666680704,39.53180555585729,3249.447265625
-105.70125000013651,39.53180555585729,3321.804443359375
-105.697361111244,39.53180555585729,3321.269287109375
-105.6934722223515,39.53180555585729,3196.201171875
-105.68930555568096,39.53180555585729,3087.73291015625
-105.68541666678846,39.53180555585729,3120.33056640625
-105.68152777789595,39.53180555585729,3245.06591796875
-105.67736111122541,39.53180555585729,3324.30517578125
-105.6734722223329,39.53180555585729,3436.863525390625
-105.6695833334404,39.53180555585729,3579.69921875
-105.6656944445479,39.53180555585729,3716.1611328125
-105.66152777787735,39.53180555585729,3764.402587890625
-105.65763888898486,39.53180555585729,3678.837158203125
-105.65375000009236,39.53180555585729,3589.783203125
-105.64958333342182,39.53180555585729,3568.375
-105.64569444452931,39.53180555585729,3591.678466796875
-105.64180555563681,39.53180555585729,3581.190185546875
-105.6379166667443,39.53180555585729,3529.870849609375
-105.63375000007376,39.53180555585729,3454.067138671875
-105.62986111118126,39.53180555585729,3392.788818359375
-105.62597222228875,39.53180555585729,3336.028564453125
-105.62180555561821,39.53180555585729,3289.007080078125
-105.6179166667257,39.53180555585729,3280.831787109375
-105.6140277778332,39.53180555585729,3330.212890625
-105.61013888894071,39.53180555585729,3379.43408203125
-105.60597222227017,39.53180555585729,3489.843017578125
-105.60208333337766,39.53180555585729,3518.57470703125
-105.59819444448516,39.53180555585729,3462.292724609375
-105.59402777781462,39.53180555585729,3523.562744140625
-105.59013888892211,39.53180555585729,3451.672607421875
-105.58625000002961,39.53180555585729,3340.700927734375
-105.58208333335907,39.53180555585729,3254.545166015625
-105.57819444446656,39.53180555585729,3207.85888671875
-105.57430555557406,39.53180555585729,3181.00048828125
-105.57041666668155,39.53180555585729,3337.76611328125
-105.56625000001102,39.53180555585729,3292.20947265625
-105.56236111111852,39.53180555585729,3268.72021484375
-105.7251388890476,39.52875000030163,3198.6396484375
-105.7212500001551,39.52875000030163,3236.506103515625
-105.71708333348455,39.52875000030163,3232.2705078125
-105.71319444459205,39.52875000030163,3247.0888671875
-105.70930555569954,39.52875000030163,3166.0419921875
-105.70541666680704,39.52875000030163,3215.74365234375
-105.70125000013651,39.52875000030163,3172.319091796875
-105.697361111244,39.52875000030163,3140.512939453125
-105.6934722223515,39.52875000030163,3076.344970703125
-105.68930555568096,39.52875000030163,3084.72607421875
-105.68541666678846,39.52875000030163,3219.94189453125
-105.68152777789595,39.52875000030163,3249.453125
-105.67736111122541,39.52875000030163,3338.65283203125
-105.6734722223329,39.52875000030163,3472.54736328125
-105.6695833334404,39.52875000030163,3615.02001953125
-105.6656944445479,39.52875000030163,3728.6689453125
-105.66152777787735,39.52875000030163,3787.567626953125
-105.65763888898486,39.52875000030163,3673.177978515625
-105.65375000009236,39.52875000030163,3559.810302734375
-105.64958333342182,39.52875000030163,3548.391845703125
-105.64569444452931,39.52875000030163,3597.79833984375
-105.64180555563681,39.52875000030163,3601.564208984375
-105.6379166667443,39.52875000030163,3626.137939453125
-105.63375000007376,39.52875000030163,3562.479248046875
-105.62986111118126,39.52875000030163,3473.6357421875
-105.62597222228875,39.52875000030163,3399.330322265625
-105.62180555561821,39.52875000030163,3314.489501953125
-105.6179166667257,39.52875000030163,3237.746337890625
-105.6140277778332,39.52875000030163,3235.037109375
-105.61013888894071,39.52875000030163,3264.9609375
-105.60597222227017,39.52875000030163,3310.218994140625
-105.60208333337766,39.52875000030163,3380.85595703125
-105.59819444448516,39.52875000030163,3310.906005859375
-105.59402777781462,39.52875000030163,3389.45703125
-105.59013888892211,39.52875000030163,3426.98193359375
-105.58625000002961,39.52875000030163,3345.845703125
-105.58208333335907,39.52875000030163,3228.9755859375
-105.57819444446656,39.52875000030163,3164.445068359375
-105.57430555557406,39.52875000030163,3101.647216796875
-105.57041666668155,39.52875000030163,3252.032958984375
-105.56625000001102,39.52875000030163,3188.927490234375
-105.56236111111852,39.52875000030163,3176.7900390625
-105.7251388890476,39.52569444474597,3212.6533203125
-105.7212500001551,39.52569444474597,3164.830810546875
-105.71708333348455,39.52569444474597,3198.9990234375
-105.71319444459205,39.52569444474597,3233.068359375
-105.70930555569954,39.52569444474597,3097.57861328125
-105.70541666680704,39.52569444474597,3201.0732421875
-105.70125000013651,39.52569444474597,3108.0380859375
-105.697361111244,39.52569444474597,3059.001953125
-105.6934722223515,39.52569444474597,3068.031494140625
-105.68930555568096,39.52569444474597,3168.462646484375
-105.68541666678846,39.52569444474597,3244.614013671875
-105.68152777789595,39.52569444474597,3312.8154296875
-105.67736111122541,39.52569444474597,3394.61572265625
-105.6734722223329,39.52569444474597,3432.7294921875
-105.6695833334404,39.52569444474597,3572.83740234375
-105.6656944445479,39.52569444474597,3671.529541015625
-105.66152777787735,39.52569444474597,3677.7822265625
-105.65763888898486,39.52569444474597,3571.39453125
-105.65375000009236,39.52569444474597,3494.1455078125
-105.64958333342182,39.52569444474597,3514.351318359375
-105.64569444452931,39.52569444474597,3570.964111328125
-105.64180555563681,39.52569444474597,3607.009033203125
-105.6379166667443,39.52569444474597,3655.56201171875
-105.63375000007376,39.52569444474597,3665.052001953125
-105.62986111118126,39.52569444474597,3575.45361328125
-105.62597222228875,39.52569444474597,3474.644775390625
-105.62180555561821,39.52569444474597,3367.21044921875
-105.6179166667257,39.52569444474597,3297.943603515625
-105.6140277778332,39.52569444474597,3215.756591796875
-105.61013888894071,39.52569444474597,3178.875
-105.60597222227017,39.52569444474597,3176.83935546875
-105.60208333337766,39.52569444474597,3190.058837890625
-105.59819444448516,39.52569444474597,3195.29248046875
-105.59402777781462,39.52569444474597,3247.89892578125
-105.59013888892211,39.52569444474597,3282.27294921875
-105.58625000002961,39.52569444474597,3345.07275390625
-105.58208333335907,39.52569444474597,3266.902099609375
-105.57819444446656,39.52569444474597,3132.47119140625
-105.57430555557406,39.52569444474597,3026.113525390625
-105.57041666668155,39.52569444474597,3124.67333984375
-105.56625000001102,39.52569444474597,3074.876220703125
-105.56236111111852,39.52569444474597,3137.09375
